Actors corrupted (%),Total time (seconds)
0,8.34508
1,8.36084
2,8.27955
3,8.32335
4,8.4078
5,8.3771
6,8.3507
7,8.36555
8,8.29351
9,8.39124
10,8.36611
11,8.36235
12,8.3281
13,8.39131
14,8.32631
15,8.3929
16,8.29776
17,8.34754
18,8.29756
19,8.23484
20,8.1927
21,8.37096
22,8.36496
23,8.32283
24,8.2295
25,8.22843
26,8.2491
27,8.16447
0,8.08523
0,2.81979
0,2.80709
0,2.81528
0,2.78809
0,2.79925
0,2.8076
0,2.78724
0,2.78265
0,2.83124
0,2.7919
0,2.81588
0,2.79293
0,2.76294
0,2.80754
0,2.79678
0,2.80141
0,2.77909
0,2.82404
0,2.8099
0,2.75179
0,2.77939
0,2.81918
0,2.81669
0,2.81807
0,2.79052
0,2.81968
0,2.77676
0,2.80188
0,2.78019
0,2.80762
0,2.81055
0,2.82156
0,2.79504
0,2.77799
0,2.82476
0,2.83266
0,2.79451
0,2.79532
0,2.82235
0,2.81177
0,2.76594
0,2.7805
0,2.8089
0,2.80201
0,2.79656
0,2.80756
0,2.80028
0,2.80234
0,2.75898
0,2.79643
0,2.79126
0,2.82338
0,2.80809
0,2.8004
0,2.7972
0,2.80064
0,2.79683
0,2.786
0,2.77421
0,2.84053
0,2.7938
0,2.82574
0,2.79233
0,2.80326
0,2.77791
0,2.79853
0,2.80867
0,2.82508
0,2.81808
0,2.77209
0,2.78687
0,2.77178
0,2.80945
0,2.79196
0,2.79004
0,2.79622
0,2.7654
0,2.78767
0,2.79119
0,2.79602
0,2.79905
0,2.81915
0,2.79234
0,2.80927
0,2.79341
0,2.79815
0,2.79824
0,2.76176
0,2.79351
0,2.8016
0,2.80021
0,2.82819
0,2.81606
0,2.79639
0,2.81598
0,2.81567
0,2.80536
0,2.83163
0,2.78117
0,2.79188
0,2.81468
0,2.80275
0,4.3588
0,4.3588
0,4.3588
0,4.3588
0,4.3588
0,4.3588
0,4.3588
0,4.3588
0,4.3588
0,4.3588
0,4.3588
0,4.3588
0,4.3588
0,4.3588
0,4.3588
0,4.3588
0,4.3588
0,4.3588
0,4.3588
0,4.3588
0,4.3588
0,4.3588
0,4.3588
0,4.3588
0,4.3588
0,4.3588
0,4.3588
0,4.3588
0,4.3588
0,4.3588
0,4.3588
0,4.3588
0,4.3588
0,4.3588
0,4.3588
0,4.3588
0,4.3588
0,4.3588
0,4.3588
0,4.3588
0,4.3588
0,4.3588
0,4.3588
0,4.3588
0,4.3588
0,4.3588
0,4.3588
0,4.3588
0,4.3588
0,4.3588
0,4.3588
0,4.3588
0,4.3588
0,4.3588
0,4.3588
0,4.3588
0,4.3588
0,4.3588
0,4.3588
0,4.3588
0,4.3588
0,4.3588
0,4.3588
0,4.3588
0,4.3588
0,4.3588
0,4.3588
0,4.3588
0,4.3588
0,4.3588
0,4.3588
0,4.3588
0,4.3588
0,4.3588
0,4.3588
0,4.3588
0,4.3588
0,4.3588
0,4.3588
0,4.3588
0,4.3588
0,4.3588
0,4.3588
0,4.3588
0,4.3588
0,4.3588
0,4.3588
0,4.3588
0,4.3588
0,4.3588
0,4.3588
0,4.3588
0,4.3588
0,4.3588
0,4.3588
0,4.3588
0,4.3588
0,4.3588
0,4.3588
0,4.3588
0,4.3588
0,4.3588
0,254.001
0,4.3588
0,4.3588
0,4.3588
0,4.3588
0,4.3588
0,4.3588
0,4.3588
0,4.3588
0,4.3588
0,4.3588
0,4.3588
0,4.3588
0,4.3588
0,4.3588
0,4.3588
0,4.3588
0,4.3588
0,4.3588
0,4.3588
0,4.3588
0,4.3588
0,4.3588
0,4.3588
0,4.3588
0,4.3588
0,4.3588
0,4.3588
0,4.3588
0,4.3588
0,4.3588
0,4.3588
0,4.3588
0,4.3588
0,4.3588
0,4.3588
0,4.3588
0,4.3588
0,4.3588
0,4.3588
0,4.3588
0,4.3588
0,4.3588
0,4.3588
0,4.3588
0,4.3588
0,4.3588
0,4.3588
0,4.29575
0,4.29575
0,4.29575
0,4.29575
0,4.29575
0,4.29575
0,4.29575
0,4.29575
0,4.29575
0,4.29575
0,4.29575
0,4.29575
0,4.29575
0,4.29575
0,4.29575
0,4.29575
0,4.29575
0,4.29575
0,4.29575
0,4.29575
0,4.29575
0,4.29575
0,4.29575
0,4.29575
0,4.29575
0,4.29575
0,4.29575
0,4.29575
0,4.29575
0,4.29575
0,4.29575
0,4.29575
0,4.29575
0,4.29575
0,4.29575
0,4.29575
0,4.29575
0,4.29575
0,4.29575
0,4.29575
0,4.29575
0,4.29575
0,4.29575
0,4.29575
0,4.29575
0,4.29575
0,4.29575
0,4.29575
0,4.29575
0,4.29575
0,4.29575
0,4.29575
0,4.29575
0,4.29575
0,4.29575
0,4.29575
0,4.29575
0,4.29575
0,4.29575
0,4.29575
0,4.29575
0,4.29575
0,4.29575
0,4.29575
0,4.29575
0,4.29575
0,4.29575
0,4.29575
0,4.29575
0,4.29575
0,4.29575
0,4.29575
0,4.29575
0,4.29575
0,4.29575
0,4.29575
0,4.29575
0,4.29575
0,4.29575
0,4.29575
0,4.29575
0,4.29575
0,4.29575
0,4.29575
0,4.29575
0,4.29575
0,4.29575
0,4.29575
0,4.29575
0,4.29575
0,4.29575
0,4.29575
0,4.29575
0,4.29575
0,4.29575
0,4.29575
0,4.29575
0,4.29575
0,4.29575
0,4.29575
0,4.29575
0,4.29575
0,4.42166
0,4.39631
0,4.35304
0,4.36748
0,4.3009
0,4.42617
0,4.40862
0,4.29089
0,4.36161
0,4.34333
0,4.31128
0,4.2335
0,4.29532
0,4.33607
0,4.29002
0,4.35831
0,4.30302
0,4.3769
0,4.30369
0,4.27575
0,4.34693
0,4.2957
0,4.22812
0,4.35159
0,4.20453
0,4.22915
0,4.35041
0,4.27412
0,4.3508
0,4.20573
0,4.25115
0,4.28263
0,4.26598
0,4.43319
0,4.25854
0,4.26205
0,4.22049
0,4.21124
0,4.29064
0,4.10542
0,4.08171
0,4.08788
0,4.19433
0,4.13255
0,3.98239
0,4.1027
0,4.01445
0,4.18179
0,4.14394
0,4.26085
0,4.0306
0,3.96912
0,3.90986
0,3.87109
0,4.0278
0,3.87006
0,3.84038
0,3.88371
0,3.86627
0,3.70108
0,3.7902
0,3.63448
0,3.68988
0,3.52598
0,3.57671
0,3.50092
0,3.61637
0,3.4928
0,3.44736
0,3.53363
0,3.45617
0,3.43142
0,3.48351
0,3.44631
0,3.48908
0,3.34263
0,3.28499
0,3.31857
0,3.23032
0,3.26716
0,3.30728
0,3.26935
0,3.30034
0,3.33261
0,3.27644
0,3.21532
0,3.34418
0,3.2772
0,3.12814
0,3.10359
0,3.0826
0,3.0667
0,3.09216
0,3.19992
0,3.0932
0,2.97948
0,2.86494
0,2.85036
0,2.699
0,1.10873
0,1.10873
0,1.10873
0,4.26085
0,4.26085
0,4.18178
0,4.18178
0,4.18178
0,4.18178
0,4.18178
0,4.18178
0,2.20933
0,4.29575
0,4.29575
0,4.23827
0,2.81842
0,2.78996
0,2.8403
0,2.80426
0,2.74759
0,2.77827
0,2.76784
0,14.6239
0,2.83898
0,4.76268
0,4.74605
0,4.6879
0,4.71085
0,6.0299
0,4.80096
0,4.75431
0,6.04816
0,6.50565
0,6.35442
0,10.9838
0,6.40943
0,6.4092
0,10.7379
0,10.6907
0,8.56237
0,8.559
0,10.3081
0,8.74334
0,12.7227
0,2.87832
0,10.4454
0,6.50265
0,2.82272
0,4.76491
0,4.72609
0,4.66091
0,4.72376
0,6.40774
0,2.81919
0,4.69875
0,4.71306
0,6.37278
0,4.7123
0,6.32823
0,4.70282
0,4.74998
0,6.39007
0,6.43661
0,6.46079
0,6.51058
0,6.48533
0,6.38205
0,6.47876
0,6.8115
0,6.53895
0,6.6434
0,6.43494
0,6.54889
0,6.54004
0,6.46767
0,6.60072
0,8.3209
0,6.71305
0,8.39085
0,6.65493
0,6.67143
0,6.5589
0,6.54545
0,6.69834
0,8.51483
0,8.4428
0,6.71992
0,8.51515
0,8.4351
0,8.45618
0,8.39372
0,8.4701
0,8.48825
0,8.52471
0,8.4756
0,8.42418
0,8.44906
0,8.50875
0,8.70989
0,8.45375
0,8.51047
0,8.5951
0,8.54646
0,8.73067
0,10.3624
0,8.68847
0,10.4185
0,8.68388
0,8.62109
0,8.69276
0,10.34
0,8.71248
0,10.3549
0,8.73535
0,10.3924
0,10.4416
0,10.3917
0,10.4864
0,10.3646
0,10.4625
0,10.4242
0,10.7001
0,10.4586
0,10.6992
0,10.7166
0,10.7239
0,12.348
0,10.6894
0,10.7368
0,12.4738
0,12.3797
0,12.4245
0,12.4171
0,12.3852
0,12.5151
0,12.377
0,14.4289
0,12.5175
0,12.4668
0,12.7181
0,14.2963
0,14.4562
0,14.3889
0,14.3469
0,14.3489
0,14.487
0,16.5263
0,16.3568
0,16.4383
0,16.4792
0,18.4496
0,18.5162
0,20.2878
0,2.03258
0,17.8738
0,4.29575
0,6.22706
0,6.12369
0,6.31074
0,6.15617
0,6.42281
0,7.05231
0,8.20801
0,8.50264
0,12.211
0,8.16119
0,8.50561
0,8.21811
0,12.4362
0,19.9477
0,8.09747
0,13.8682
0,10.3386
0,12.027
0,12.0349
0,15.9558
0,12.0238
0,16.3392
0,15.9332
0,20.057
0,15.9774
0,21.9127
0,15.8531
0,17.9165
0,17.9747
0,16.036
0,14.1135
0,18.3493
0,21.908
0,21.9833
0,22.0932
0,24.0682
0,26.0426
0,29.739
0,21.7437
0,23.8179
0,18.0659
0,23.7982
0,29.8748
0,31.9639
0,31.9589
0,26.2639
0,33.75
0,35.6755
0,25.884
0,33.8034
0,31.9632
0,23.7726
0,29.7533
0,39.7258
0,21.9247
0,25.778
0,39.6023
0,33.7802
0,41.6422
0,35.9709
0,32.0345
0,35.9887
0,41.7246
0,33.7049
0,37.6323
0,35.6999
0,37.8024
0,39.8142
0,53.5617
0,41.9132
0,45.7672
0,43.6803
0,45.7278
0,43.6682
0,39.6651
0,47.5957
0,39.8058
0,39.8203
0,53.5065
0,43.5881
0,45.7125
0,49.6232
0,47.7018
0,49.6799
0,47.5651
0,55.7037
0,49.6061
0,55.6256
0,57.7473
0,57.6484
0,53.77
0,55.5594
0,57.6452
0,59.438
0,55.6762
0,53.6293
0,67.7417
0,65.5596
0,67.6752
0,4.29575
0,4.29575
0,4.29575
0,4.29575
0,4.29575
0,4.29575
0,4.29575
0,4.29575
0,4.29575
0,4.39727
0,4.29575
0,4.29575
0,4.29575
0,4.29575
0,4.29575
0,4.29575
0,4.29575
0,4.39727
0,4.29575
0,4.39727
0,4.39727
0,4.29575
0,4.29575
0,4.39727
0,4.29575
0,4.29575
0,4.29575
0,4.29575
0,4.29575
0,4.39727
0,4.29575
0,4.29575
0,4.29575
0,4.29575
0,4.39727
0,4.29575
0,4.29575
0,4.39727
0,4.39727
0,4.29575
0,4.29575
0,4.39727
0,4.29575
0,4.29575
0,4.29575
0,4.29575
0,4.39727
0,4.29575
0,4.29575
0,4.29575
0,4.29575
0,4.29575
0,4.39727
0,4.29575
0,4.29575
0,6.26238
0,6.2266
0,6.50389
0,6.14547
0,10.1316
0,4.29575
0,6.15795
0,6.42825
0,6.09709
0,8.07937
0,8.1908
0,6.23752
0,7.14349
0,10.2094
0,8.25159
0,4.29575
0,6.10586
0,6.2716
0,8.09592
0,6.17568
0,8.11371
0,10.2316
0,8.20667
0,8.11134
0,10.1142
0,10.0744
0,4.29575
0,6.21596
0,6.12606
0,6.97393
0,6.22573
0,6.16936
0,8.10211
0,7.95631
0,8.22498
0,8.05343
0,4.29575
0,6.15795
0,6.36675
0,6.2249
0,6.32307
0,6.43517
0,6.18451
0,8.14437
0,8.3042
0,12.107
0,19152.4
0,4.29575
0,4.25743
0,6.24463
0,6.31622
0,8.21609
0,6.27861
0,8.23724
0,7.04221
0,7.33498
0,10.3139
0,4.29575
0,6.05361
0,6.13179
0,6.12249
0,10.2283
0,6.26242
0,8.10635
0,6.25039
0,8.29177
0,8.12375
0,4.29575
0,6.24589
0,6.29486
0,6.33787
0,6.20427
0,6.26555
0,8.30752
0,8.093
0,8.21959
0,6.63478
0,4.29575
0,6.21826
0,8.31772
0,6.09878
0,6.27735
0,7.13075
0,10.0436
0,10.0835
0,10.1938
0,12.0339
0,4.29575
0,6.04152
0,5.99521
0,6.22857
0,6.20342
0,7.11494
0,7.16631
0,6.87976
0,8.21671
0,8.17853
0,8.61705
0,7.98791
0,14.393
0,10.0832
0,18.1007
0,12.157
0,8.20283
0,12.2919
0,10.0785
0,10.4202
0,10.0043
0,16.0805
0,12.0007
0,13.9214
0,14.3431
0,14.029
0,21.8424
0,19.9966
0,25.9456
0,19.8231
0,19.8897
0,14.5818
0,14.0259
0,21.928
0,25.9418
0,21.9016
0,19.7861
0,24.0174
0,21.8342
0,29.7743
0,20.2911
0,31.8764
0,20.1488
0,31.8337
0,29.9637
0,25.816
0,21.8877
0,22.0337
0,31.6991
0,27.8008
0,29.804
0,39.8627
0,29.8864
0,35.849
0,29.8431
0,25.8619
0,31.9144
0,31.8409
0,34.0696
0,37.8415
0,27.7358
0,31.7005
0,33.7588
0,33.7741
0,33.8127
0,37.6664
0,35.7778
0,43.6355
0,33.7773
0,41.8447
0,43.6638
0,41.7161
0,39.7274
0,43.7795
0,47.7014
0,43.6291
0,47.7167
0,41.7361
0,37.8185
0,55.6351
0,49.486
0,39.8362
0,51.6367
0,47.7
0,51.6142
0,55.5299
0,47.696
0,43.7109
0,53.612
0,51.7134
0,51.655
0,61.6067
0,55.6438
0,59.706
0,55.6203
0,51.7518
0,63.5769
0,61.6862
0,63.565
0,63.6263
0,4.29575
0,6.29674
0,6.2335
0,6.15963
0,6.77399
0,8.14231
0,8.14171
0,6.75693
0,8.10055
0,8.14028
0,14.0603
0,8.0451
0,11.9999
0,14.0375
0,10.3801
0,8.16257
0,9.97535
0,15.9089
0,10.4973
0,8.08334
0,12.1269
0,13.9543
0,12.051
0,17.9195
0,22.1028
0,8.25319
0,15.9545
0,14.1712
0,24.4091
0,19.8639
0,18.0377
0,17.9167
0,14.0774
0,17.8247
0,20.0173
0,19.9845
0,22.0546
0,29.8172
0,26.0148
0,28.0054
0,25.7743
0,27.8342
0,23.9047
0,26.0622
0,23.9219
0,25.8239
0,21.937
0,35.801
0,27.7718
0,27.7811
0,19.8798
0,24.3981
0,37.8351
0,26.3223
0,29.813
0,37.8609
0,31.7063
0,31.7358
0,31.6885
0,29.9277
0,35.7862
0,37.7756
0,43.7117
0,31.8961
0,39.7848
0,36.2122
0,33.6717
0,35.8508
0,43.619
0,43.6959
0,43.7656
0,33.7769
0,41.7972
0,39.6415
0,49.6492
0,39.5956
0,47.6102
0,43.7299
0,43.6446
0,47.5476
0,43.7645
0,51.6923
0,41.6564
0,45.6756
0,41.7564
0,57.5322
0,47.7375
0,49.6114
0,53.5916
0,49.7599
0,47.6772
0,51.5919
0,55.6492
0,53.7088
0,57.622
0,57.6225
0,61.5702
0,61.7072
0,65.6792
0,59.5908
0,4.29575
0,6.11246
0,7.99782
0,10.279
0,13.824
0,14.1156
0,15.9486
0,17.8317
0,19.9209
0,25.7676
0,25.4799
0,29.7697
0,33.6811
0,25.7481
0,27.8285
0,35.5832
0,39.695
0,41.4223
0,45.1225
0,41.6127
0,43.5673
0,47.2693
0,53.4494
0,53.4546
0,51.0607
0,55.2093
0,61.2398
0,59.3426
0,62.9388
0,69.0879
0,66.9737
0,70.9699
0,69.2152
0,75.1644
0,73.162
0,73.2346
0,79.0238
0,83.0127
0,89.0069
0,80.8527
0,89.0405
0,94.9862
0,92.9144
0,98.7319
0,92.7792
0,96.7846
0,98.7486
0,106.837
0,106.71
0,104.736
0,110.945
0,118.761
0,116.642
0,116.597
0,112.738
0,122.889
0,118.609
0,132.603
0,128.818
0,128.549
0,124.585
0,132.67
0,140.528
0,144.577
0,134.555
0,138.435
0,152.421
0,148.635
0,150.538
0,156.404
0,144.535
0,154.4
0,156.394
0,160.387
0,160.371
0,168.422
0,168.327
0,166.339
0,166.317
0,178.262
0,174.292
0,176.289
0,178.263
0,176.221
0,182.196
0,176.227
0,180.201
0,190.196
0,154.115
0,186.17
0,190.126
0,180.109
0,182.151
0,202.154
0,198.091
0,198.083
0,176.035
0,192.04
0,138.024
0,170.02
0,4.29575
0,6.2501
0,8.16853
0,10.2099
0,9.97866
0,15.8501
0,17.8223
0,17.931
0,19.9526
0,23.7514
0,25.5815
0,27.9498
0,27.6816
0,33.7089
0,35.4995
0,39.4761
0,41.6537
0,39.5889
0,43.5535
0,43.5311
0,47.0825
0,53.3873
0,53.3737
0,55.1988
0,55.3811
0,57.0982
0,67.3257
0,63.2408
0,63.2186
0,67.2017
0,73.0427
0,64.9292
0,77.1185
0,81.0735
0,77.3011
0,85.076
0,86.9732
0,82.843
0,87.0118
0,94.9692
0,88.7867
0,89.0284
0,91.1032
0,88.7823
0,100.941
0,106.941
0,98.7429
0,103.128
0,112.631
0,114.655
0,116.884
0,114.64
0,112.975
0,118.61
0,114.635
0,116.737
0,130.545
0,128.556
0,128.793
0,126.658
0,130.73
0,134.711
0,134.518
0,132.48
0,134.519
0,146.446
0,136.453
0,144.423
0,150.431
0,152.41
0,152.428
0,154.371
0,158.543
0,156.519
0,162.41
0,166.415
0,172.384
0,158.263
0,162.314
0,176.272
0,182.236
0,168.273
0,176.224
0,182.239
0,190.2
0,180.257
0,188.217
0,190.257
0,184.176
0,194.207
0,194.107
0,196.158
0,192.142
0,204.112
0,206.103
0,200.072
0,172.049
0,192.044
0,176.022
0,180.024
0,98.976
0,100.877
0,44.2082
0,42.2333
0,8.50187
0,8.50905
0,2.88802
0,4.65675
0,6.6346
0,6.59766
0,12.4467
0,10.5285
0,12.4116
0,12.4485
0,14.4265
0,16.4336
0,14.4079
0,20.3993
0,16.4208
0,20.3088
0,22.4033
0,20.3703
0,18.4823
0,26.3948
0,28.3138
0,24.4114
0,26.3345
0,28.3219
0,28.2948
0,30.3045
0,28.2943
0,28.3374
0,30.272
0,34.273
0,36.2579
0,34.2183
0,32.2536
0,34.2438
0,36.242
0,36.2195
0,38.2333
0,36.3061
0,40.1938
0,40.1941
0,50.2108
0,40.1617
0,42.2524
0,40.2448
0,44.1936
0,46.2629
0,46.2188
0,44.1909
0,46.2231
0,48.1712
0,54.1968
0,46.1839
0,50.1941
0,44.196
0,48.1337
0,50.2043
0,48.2198
0,58.1399
0,52.1651
0,50.1832
0,60.1175
0,58.1421
0,54.1333
0,54.1595
0,54.1329
0,60.1065
0,56.1228
0,60.1481
0,58.1244
0,54.1456
0,58.1521
0,56.1631
0,58.1879
0,68.1002
0,62.1174
0,66.1158
0,60.1212
0,72.0826
0,62.1102
0,66.0655
0,64.0592
0,66.0962
0,68.0779
0,70.085
0,70.0628
0,70.0876
0,70.0815
0,62.0914
0,74.0563
0,70.0407
0,60.1012
0,66.0725
0,68.0706
0,76.0599
0,74.044
0,70.0313
0,72.0668
0,70.0319
0,80.0344
0,72.0345
0,80.0222
0,72.0046
0,2.83153
0,4.71634
0,4.6801
0,4.73411
0,6.38265
0,4.71443
0,6.35972
0,6.39386
0,6.41549
0,6.51066
0,6.30661
0,6.44355
0,6.43172
0,6.44777
0,6.44361
0,6.43164
0,6.44899
0,6.472
0,8.37227
0,6.73357
0,6.54611
0,6.52521
0,6.71312
0,6.60841
0,6.68224
0,6.54061
0,8.40497
0,6.71525
0,6.64361
0,6.5496
0,8.4289
0,8.41639
0,6.72591
0,8.42317
0,6.67888
0,8.42232
0,8.46172
0,8.47388
0,8.47486
0,8.45569
0,8.44649
0,8.47493
0,8.55564
0,8.42952
0,8.46802
0,8.54212
0,8.54718
0,8.6439
0,8.6539
0,10.4637
0,8.56553
0,8.6852
0,8.53998
0,10.3785
0,8.65314
0,8.6931
0,10.3355
0,8.70372
0,10.4361
0,8.69936
0,10.4627
0,10.3709
0,10.496
0,10.4721
0,10.4701
0,10.4413
0,10.4368
0,10.4536
0,10.4962
0,10.6368
0,10.4842
0,10.5877
0,12.3566
0,10.5348
0,10.6612
0,10.6479
0,12.3219
0,12.3681
0,12.4232
0,12.4565
0,12.5012
0,10.7345
0,12.452
0,12.6278
0,12.668
0,12.686
0,14.3711
0,14.363
0,14.4153
0,14.4417
0,14.3472
0,14.6762
0,14.5021
0,16.3969
0,14.568
0,16.6567
0,16.6211
0,18.3694
0,18.6627
0,20.4793
0,48.1654
0,8.53604
0,48.1938
0,10.3227
0,2.82298
0,2.06311
0,2.09053
0,8.4531
0,44.2477
0,54.1591
0,2.83503
0,4.79838
0,6.64095
0,8.46442
0,10.3883
0,10.489
0,16.3266
0,16.4402
0,14.5221
0,16.2945
0,18.3919
0,18.359
0,18.3486
0,20.3885
0,20.3315
0,20.3119
0,22.4393
0,24.3723
0,26.3175
0,24.291
0,26.3425
0,26.3289
0,28.3069
0,28.3297
0,28.3093
0,34.3426
0,30.3584
0,34.2847
0,32.3078
0,32.3132
0,36.3033
0,32.2854
0,32.2641
0,38.219
0,38.2453
0,42.2471
0,36.266
0,40.2621
0,40.2573
0,44.2145
0,40.2464
0,40.2469
0,42.2364
0,42.2383
0,42.2396
0,44.2011
0,46.2077
0,44.2324
0,48.2284
0,50.1769
0,48.2335
0,52.1846
0,50.1846
0,52.1619
0,58.185
0,50.1475
0,52.1216
0,50.1871
0,54.153
0,58.1834
0,62.1401
0,58.1177
0,56.1622
0,56.142
0,60.1634
0,54.1454
0,58.0884
0,60.1451
0,64.0967
0,66.1073
0,56.1332
0,64.1067
0,62.1211
0,66.1338
0,66.0863
0,68.0642
0,64.0749
0,64.1223
0,68.0668
0,70.0844
0,68.0599
0,70.1074
0,64.0785
0,62.071
0,62.0948
0,72.0692
0,72.0595
0,70.0355
0,84.0301
0,76.0692
0,72.049
0,76.0449
0,70.0248
0,78.0349
0,70.0434
0,68.0394
0,74.05
0,70.0405
0,76.0363
0,68.0226
0,2.8283
0,4.76949
0,4.70535
0,4.7007
0,6.35139
0,4.69501
0,4.76678
0,6.35412
0,6.39543
0,6.44113
0,6.45499
0,6.4412
0,6.39996
0,6.45333
0,6.45615
0,6.50208
0,6.44855
0,6.52526
0,6.466
0,6.52744
0,6.66974
0,6.62665
0,6.49081
0,6.53616
0,6.68528
0,6.56759
0,8.26641
0,6.70303
0,8.44304
0,6.70342
0,8.43
0,8.41179
0,8.45014
0,8.30315
0,8.42786
0,6.71351
0,8.42792
0,8.47918
0,8.43303
0,8.38046
0,8.40581
0,8.47771
0,8.56492
0,8.50123
0,8.51617
0,10.42
0,8.57088
0,8.62966
0,10.3811
0,8.50118
0,8.65302
0,10.3569
0,10.3051
0,10.4193
0,10.389
0,8.64875
0,8.68295
0,10.4992
0,10.3432
0,8.65612
0,10.4786
0,10.4565
0,10.4051
0,10.2966
0,10.4126
0,10.4075
0,10.512
0,10.5254
0,10.4365
0,10.5256
0,10.3462
0,10.4278
0,10.7697
0,12.3742
0,12.3669
0,12.3245
0,10.6826
0,10.692
0,12.4284
0,12.3528
0,12.3865
0,12.4407
0,12.4946
0,12.6873
0,12.4464
0,12.5364
0,14.3268
0,14.2914
0,14.5063
0,14.4138
0,14.4338
0,14.3439
0,14.4355
0,16.3636
0,14.7285
0,16.3866
0,16.4727
0,18.4166
0,18.4457
0,20.4098
0,20.3874
0,20.4604
0,18.7452
0,20.5216
0,8.48525
0,0.0349509
0,0.0398614
0,0.0322879
0,0.0378358
0,0.0383423
0,2.76982
0,3.10479
0,3.10785
0,3.09806
0,2.80999
0,4.7443
0,6.66133
0,8.49313
0,10.4071
0,12.5003
0,12.4858
0,12.4876
0,14.4109
0,2.81827
0,4.75137
0,6.62566
0,8.4335
0,10.5141
0,12.3857
0,12.3832
0,14.4244
0,14.4508
0,16.4151
0,2.83055
0,4.763
0,6.60061
0,8.58561
0,10.5178
0,10.392
0,12.4634
0,12.4256
0,12.5135
0,18.4034
0,2.83962
0,4.67587
0,6.62604
0,6.64534
0,8.52302
0,10.5326
0,12.3737
0,14.329
0,14.4389
0,14.5094
0,2.86447
0,4.76228
0,4.72604
0,6.36067
0,6.42251
0,6.46542
0,4.73743
0,4.71464
0,6.42195
0,6.48101
0,2.84603
0,2.9016
0,2.83168
0,2.88975
0,2.92312
0,2.85472
0,2.90736
0,2.90064
0,2.87207
0,2.91545
0,2.81751
0,4.70771
0,6.5414
0,8.60874
0,12.3867
0,12.3901
0,10.5646
0,12.4684
0,16.4133
0,14.4941
0,2.82852
0,4.69679
0,4.71361
0,4.71705
0,6.37186
0,4.76427
0,4.73805
0,6.36865
0,6.40005
0,4.75659
0,2.82306
0,2.86138
0,2.86568
0,2.88997
0,2.89755
0,2.87321
0,2.93554
0,2.89177
0,2.92737
0,2.94467
0,6.3958
0,62.7085
0,62.8632
0,18.3705
0,86.9615
0,65.1133
0,67.2477
0,67.2302
0,67.127
0,67.1555
0,67.2497
0,172.404
0,170.377
0,13.0922
0,4.73136
0,4.92381
0,5.03634
0,8.39859
0,8.46252
0,5.15366
0,4.28711
0,4.42496
0,4.38855
0,8.41146
0,4.47717
0,8.46637
0,4.34655
0,0.0213863
0,0.242849
0,0.213998
0,0.29841
0,0.327849
0,10.204
0,10.1337
0,10.1169
0,10.0366
0,10.0244
0,11.3123
0,2.21151
0,2.72831
0,28.1505
0,246.898
0,246.713
0,244.349
0,243.395
0,42.3961
0,428.021
0,56.1581
0,54.7606
0,54.3219
0,299.028
0,580.026
0,24.7035
0,24.7163
0,32.7604
0,32.6145
0,32.5095
0,32.0744
0,32.3745
0,32.2345
0,32.0294
0,27.9968
0,24.725
0,24.725
0,30.3612
0,36.105
0,42.1312
0,52.6172
0,58.7543
0,62.9069
0,67.3541
0,78.9512
0,84.8644
0,24.725
0,25.9639
0,26.5255
0,26.6878
0,26.4777
0,28.3594
0,26.6103
0,26.4585
0,26.6483
0,26.6388
0,24.725
0,24.726
0,24.727
0,24.728
0,24.7254
0,24.731
0,24.727
0,24.728
0,24.7305
0,24.731
0,24.7246
0,24.7245
0,30.6428
0,36.2845
0,41.4893
0,52.6887
0,56.2845
0,62.8949
0,68.8056
0,80.9577
0,85.2147
0,90.2201
0,99.4755
0,105.326
0,110.779
0,114.958
0,122.784
0,128.972
0,135.076
0,147.837
0,150.589
0,148.892
0,156.826
0,162.433
0,176.806
0,177.522
0,183.493
0,200.974
0,199.225
0,200.507
0,213.708
0,218.643
0,212.881
0,215.288
0,228.402
0,230.096
0,237.342
0,245.308
0,259.974
0,252.244
0,264.577
0,270.342
0,277.916
0,282.65
0,289.535
0,292.647
0,294.342
0,309.595
0,322.977
0,322.754
0,322.95
0,334.408
0,339.88
0,347.365
0,332.518
0,351.722
0,360.523
0,369.331
0,382.519
0,367.596
0,369.847
0,382.006
0,398.347
0,392.996
0,393.184
0,409.04
0,424.413
0,426.383
0,423.97
0,429.79
0,428.416
0,462.448
0,436.111
0,454.738
0,465.518
0,452.502
0,453.337
0,486.674
0,472.652
0,480.04
0,501.225
0,499.782
0,490.302
0,500.947
0,506.527
0,503.519
0,523.357
0,526.213
0,528.13
0,535.928
0,523.936
0,541.64
0,550.306
0,541.308
0,552.851
0,565.382
0,567.791
0,568.86
0,570.407
0,578.406
0,596.044
0,24.7245
0,25.7335
0,26.0388
0,26.6864
0,28.5161
0,26.6393
0,28.7448
0,26.6316
0,26.6163
0,26.6416
0,27.2713
0,26.7642
0,28.5616
0,26.874
0,27.5242
0,26.8863
0,26.5723
0,27.6176
0,26.8565
0,27.5831
0,27.8953
0,27.6513
0,28.7922
0,28.8905
0,27.9862
0,28.5323
0,28.6443
0,28.5909
0,28.5462
0,28.531
0,28.0654
0,28.0037
0,28.7515
0,28.651
0,28.5902
0,28.5423
0,28.6125
0,29.2311
0,28.5434
0,28.9602
0,28.6423
0,30.6114
0,28.6777
0,28.8378
0,30.661
0,30.5448
0,29.606
0,28.9643
0,29.4792
0,29.2715
0,29.71
0,29.919
0,30.474
0,30.6991
0,30.2833
0,29.8698
0,30.541
0,30.5087
0,30.613
0,30.5069
0,30.4898
0,30.4269
0,31.6903
0,30.2237
0,30.6767
0,30.4799
0,31.7319
0,31.7399
0,32.3184
0,31.182
0,31.0387
0,31.9185
0,33.042
0,32.5017
0,32.2188
0,32.6796
0,32.5264
0,32.7143
0,32.4862
0,32.8592
0,32.2574
0,31.8644
0,32.6685
0,33.9832
0,34.7305
0,34.8394
0,33.0391
0,34.6221
0,35.5573
0,34.3862
0,34.8372
0,24.7248
0,29.7855
0,36.4385
0,41.6359
0,52.6844
0,58.7199
0,64.0703
0,68.8925
0,78.7745
0,88.1757
0,90.3944
0,99.4361
0,103.079
0,107.392
0,114.609
0,126.349
0,128.488
0,135.861
0,141.528
0,149.213
0,146.202
0,152.489
0,159.819
0,171.854
0,171.122
0,186.972
0,187.084
0,195.734
0,197.207
0,207.717
0,210.845
0,218.291
0,223.807
0,226.503
0,235.897
0,236.8
0,252.537
0,259.318
0,254.825
0,268.134
0,275.649
0,278.897
0,283.02
0,289.326
0,294.858
0,299.532
0,296.231
0,318.353
0,318.213
0,324.459
0,24.7245
0,25.6786
0,26.4925
0,26.4994
0,26.44
0,26.6754
0,26.6389
0,26.7438
0,26.8332
0,27.7867
0,26.6565
0,26.4151
0,27.6529
0,28.4197
0,26.6756
0,27.0902
0,26.9445
0,27.7974
0,28.5461
0,28.4795
0,28.0237
0,27.4518
0,27.9803
0,28.4713
0,27.8924
0,28.3269
0,28.1342
0,28.624
0,28.6552
0,28.0818
0,28.0079
0,28.7688
0,28.6348
0,28.5083
0,28.5816
0,28.7838
0,28.5056
0,29.7967
0,28.7097
0,28.6149
0,28.9564
0,29.0431
0,29.7138
0,28.5425
0,29.9542
0,29.7141
0,28.8215
0,30.0353
0,30.7513
0,30.5926
0,24.7276
0,24.7245
0,24.7296
0,24.7256
0,24.7276
0,24.7245
0,24.7246
0,24.7307
0,25.0777
0,24.7247
0,24.7296
0,24.7267
0,24.7276
0,24.725
0,24.7246
0,24.7266
0,24.7276
0,24.7337
0,24.7266
0,24.7316
0,24.7276
0,24.7245
0,25.1756
0,24.7317
0,25.1926
0,24.7246
0,24.7256
0,24.9416
0,24.7276
0,24.7296
0,24.7306
0,24.7266
0,24.7275
0,24.7246
0,25.7557
0,25.4617
0,25.8486
0,24.7246
0,24.7256
0,24.7316
0,25.6637
0,26.0798
0,24.8607
0,25.7279
0,24.7245
0,24.8598
0,24.8956
0,25.9176
0,26.7087
0,24.7346
0,25.7498
0,26.0697
0,27.4514
0,26.9949
0,4.49819
0,3.354
0,9.41529
0,61.8104
0,33.5195
0,34.0142
0,35.0512
0,34.1949
0,34.7945
0,34.2091
0,36.8102
0,36.1388
0,37.737
0,38.946
0,37.7072
0,42.2844
0,41.4128
0,41.3097
0,43.697
0,43.4437
0,45.6997
0,47.0371
0,48.4451
0,50.2654
0,51.7634
0,52.9335
0,57.8086
0,58.9983
0,60.1309
0,33.4338
0,33.4997
0,33.5896
0,33.5021
0,33.5319
0,33.3829
0,33.4254
0,33.2913
0,33.4922
0,33.2858
0,33.3323
0,33.2536
0,33.3819
0,33.4002
0,33.446
0,33.3681
0,33.2945
0,33.292
0,33.4307
0,33.415
0,33.5083
0,33.3994
0,33.3037
0,33.5084
0,33.6083
0,33.6242
0,33.3889
0,33.4192
0,33.3299
0,33.3555
0,33.4174
0,33.257
0,33.3641
0,32.9991
0,33.0921
0,33.2063
0,33.0151
0,32.6013
0,32.8042
0,32.7118
0,32.647
0,32.6019
0,32.6213
0,33.2295
0,33.0262
0,33.4471
0,33.412
0,34.8335
0,35.0226
0,34.8454
0,2.66922
0,2.65834
0,2.63344
0,2.64219
0,2.64282
0,2.62599
0,2.62708
0,7.29536
0,6.37436
0,5.39589
0,6.21588
0,6.29868
0,4.45097
0,6.40495
0,9.29484
0,11.3916
0,9.26313
0,9.33326
0,8.39992
0,10.2566
0,16.283
0,12.2111
0,8.32742
0,11.3038
0,12.2772
0,11.3313
0,11.2911
0,10.3033
0,15.1638
0,15.3025
0,14.2697
0,12.2292
0,15.2576
0,15.3071
0,15.3045
0,18.2349
0,17.2903
0,17.2413
0,15.2394
0,16.2861
0,19.1929
0,19.186
0,21.2717
0,17.2373
0,15.3023
0,18.2206
0,21.1714
0,19.1798
0,18.2415
0,21.1577
0,21.1975
0,23.1939
0,24.1684
0,18.1813
0,21.2323
0,21.1829
0,17.172
0,25.1323
0,20.1665
0,22.1564
0,23.1455
0,17.1039
0,25.1083
0,23.1088
0,36.0956
0,18.2005
0,25.133
0,23.1084
0,26.1039
0,25.0929
0,24.1401
0,27.101
0,26.1026
0,21.0843
0,23.0796
0,24.1049
0,21.0529
0,30.0937
0,28.0978
0,31.03
0,29.0555
0,30.0503
0,32.087
0,25.0508
0,20.0731
0,27.1007
0,32.049
0,26.067
0,27.0775
0,25.0374
0,33.0442
0,24.0478
0,31.0221
0,14.0274
0,21.0205
0,19.0207
0,13.0162
0,23.0138
0,20.0121
0,36.0265
0,2.62022
0,2.67236
0,2.63754
0,2.60189
0,2.67267
0,2.63481
0,2.66607
0,3.54358
0,3.56159
0,3.55521
0,3.54821
0,3.54487
0,3.50955
0,3.5265
0,3.58321
0,4.2451
0,3.59629
0,3.65192
0,3.56405
0,4.16341
0,4.33425
0,4.37037
0,4.27691
0,4.37731
0,3.60996
0,4.15535
0,4.19622
0,5.41833
0,4.2063
0,3.59326
0,4.35183
0,4.52287
0,4.29608
0,4.57186
0,4.46371
0,4.60917
0,4.25237
0,4.53905
0,4.41116
0,4.43011
0,4.60352
0,4.60072
0,5.21294
0,4.51933
0,4.48367
0,5.18662
0,4.52966
0,5.40893
0,5.51743
0,4.49217
0,5.37065
0,4.54957
0,4.6355
0,5.32965
0,6.15002
0,5.35782
0,4.55609
0,5.33967
0,5.32789
0,4.53549
0,5.53801
0,5.31197
0,5.56443
0,5.46235
0,5.3555
0,5.5613
0,5.46056
0,5.46996
0,6.48285
0,6.14499
0,5.5981
0,5.45892
0,5.58136
0,6.09443
0,5.47204
0,6.16671
0,6.26323
0,5.60389
0,6.51623
0,5.51785
0,6.38725
0,6.32921
0,6.48719
0,7.39258
0,6.48957
0,7.35504
0,6.60883
0,7.52304
0,7.5232
0,6.6178
0,7.1885
0,9.00261
0,10.0976
0,20.4257
0,22.3248
0,26.1804
0,33.0315
0,42.4677
0,44.3495
0,50.331
0,55.3366
0,56.326
0,59.1905
0,67.014
0,71.1157
0,80.6189
0,88.634
0,90.5923
0,93.6918
0,93.5082
0,98.444
0,9.04769
0,9.598
0,10.2842
0,10.1021
0,10.337
0,10.9073
0,10.5502
0,11.066
0,10.8717
0,11.3113
0,11.3215
0,11.401
0,11.5503
0,12.0547
0,12.203
0,12.723
0,13.2223
0,13.1156
0,14.7754
0,14.882
0,9.10076
0,12.1209
0,19.5738
0,27.3845
0,33.0867
0,39.3008
0,45.1533
0,43.9037
0,58.9231
0,70.3106
0,77.9522
0,73.0043
0,83.9111
0,83.9055
0,100.806
0,98.9872
0,106.737
0,119.15
0,119.954
0,124.855
0,103.025
0,126.915
0,128.644
0,317.965
0,9.162
0,12.7098
0,18.2326
0,27.3568
0,30.157
0,34.97
0,41.6659
0,43.49
0,51.3008
0,57.2993
0,60.0793
0,9.05647
0,12.97
0,15.8565
0,21.0081
0,31.2542
0,37.374
0,33.4728
0,10.7895
0,11.956
0,9.027
0,10.1246
0,11.5478
0,12.189
0,12.2513
0,12.5008
0,14.2071
0,14.8968
0,17.3324
0,22.0493
0,17.8033
0,9.01376
0,9.33547
0,9.826
0,10.133
0,10.5974
0,10.972
0,11.0509
0,11.1269
0,11.8452
0,11.0251
0,13.4273
0,9.0254
0,9.54628
0,10.074
0,11.0883
0,10.422
0,12.5582
0,24.1196
0,47.7819
0,17.0399
0,15.2016
0,13.6416
0,9.05104
0,12.1339
0,10.1955
0,13.5039
0,14.9258
0,13.2765
0,9.12
0,9.123
0,13.6435
0,15.0774
0,21.6915
0,14.9928
0,16.4304
0,27.488
0,29.2963
0,24.9701
0,38.3395
0,8.99008
0,11.1741
0,9.84489
0,10.779
0,13.4055
0,11.0868
0,14.8946
0,12.644
0,15.723
0,15.7153
0,14.98
0,9.09066
0,10.8303
0,10.7183
0,12.8962
0,49.472
0,14.0542
0,13.8081
0,18.3988
0,20.4422
0,19.619
0,20.653
0,21.116
0,35.6822
0,13.4498
0,18.6689
0,15.4864
0,35.792
0,56.4313
0,63.5579
0,76.5266
0,65.3059
0,57.7372
0,98.458
0,61.4742
0,13.2455
0,17.9339
0,29.2932
0,43.5616
0,46.4558
0,65.1674
0,45.8554
0,74.4339
0,84.0488
0,86.7675
0,100.258
0,13.3689
0,15.0764
0,17.7426
0,17.3208
0,16.5408
0,18.9403
0,17.3468
0,16.5982
0,19.6753
0,24.4312
0,25.1842
0,13.3993
0,13.5285
0,13.6666
0,16.7629
0,18.3096
0,22.2881
0,28.3054
0,29.2874
0,25.7515
0,40.9006
0,90.5031
0,13.3668
0,13.3282
0,13.4949
0,13.2436
0,13.4205
0,16.9312
0,15.0821
0,13.1922
0,13.2423
0,17.0901
0,23.5876
0,13.2323
0,13.2964
0,13.5638
0,13.3315
0,15.5785
0,16.1977
0,15.0849
0,14.2568
0,13.4928
0,15.6781
0,15.5921
0,13.4058
0,13.3751
0,13.2802
0,13.5411
0,13.3666
0,13.4957
0,13.4263
0,14.3944
0,13.5704
0,13.5405
0,13.5985
0,22.4212
0,13.1786
0,18.9961
0,30.8627
0,53.1226
0,39.6432
0,41.6437
0,81.2597
0,58.5652
0,90.0427
0,37.4409
0,95.1478
0,13.4557
0,16.2528
0,16.5008
0,16.5652
0,16.0161
0,15.6572
0,20.4875
0,18.3723
0,21.8838
0,20.4318
0,17.8188
0,13.5259
0,17.2014
0,19.4085
0,26.375
0,32.8555
0,38.8628
0,39.9267
0,45.7203
0,56.9632
0,31.4121
0,59.2734
0,13.3413
0,13.1535
0,17.7675
0,13.8195
0,15.0344
0,16.7796
0,16.6183
0,15.9754
0,17.4695
0,18.0583
0,15.5726
0,13.4934
0,13.2749
0,16.3107
0,15.5843
0,14.3399
0,13.5937
0,14.5207
0,18.5953
0,15.8476
0,16.259
0,17.549
0,45.9601
0,5.39592
0,5.34193
0,28.3781
0,5.45918
0,26.5958
0,18.9928
0,5.49035
0,5.538
0,5.41542
0,43.5637
0,5.37719
0,5.4467
0,5.35176
0,5.37326
0,9.15723
0,9.29655
0,5.42193
0,5.44089
0,7.32698
0,5.40563
0,5.32061
0,10.2388
0,5.35141
0,5.34136
0,5.34552
0,39.3823
0,18.8671
0,39.6061
0,5.46836
0,30.1014
0,19.063
0,5.41081
0,28.792
0,5.37568
0,5.39964
0,37.6868
0,13.1763
0,33.6561
0,5.44651
0,5.44519
0,26.3152
0,39.4714
0,33.631
0,34.0719
0,5.37713
0,5.48047
0,5.32981
0,5.41187
0,7.30759
0,5.41847
0,7.31333
0,7.34106
0,7.23355
0,5.43206
0,5.44522
0,5.44949
0,5.37091
0,5.48106
0,5.46283
0,5.37973
0,5.37812
0,5.41184
0,28.2041
0,16.8547
0,26.3032
0,5.39265
0,5.48205
0,5.3461
0,5.60408
0,32.0542
0,28.1978
0,20.8331
0,5.4048
0,5.36446
0,5.40063
0,15.0681
0,5.42051
0,5.3648
0,5.44896
0,5.34999
0,5.42923
0,5.3196
0,7.30664
0,5.35902
0,5.55702
0,5.32691
0,11.0647
0,5.38236
0,5.35203
0,5.39512
0,5.44504
0,5.3075
0,5.40966
0,31.754
0,5.41935
0,45.9102
0,33.7044
0,5.41805
0,5.36562
0,5.48198
0,108.468
0,87.4804
0,12.6435
0,16.1
0,18.8772
0,15.1813
0,19.8626
0,19.5111
0,15.1368
0,5.40988
0,5.39168
0,37.5129
0,39.3625
0,37.6544
0,32.1887
0,63.1723
0,80.9825
0,110.585
0,45.5961
0,83.2827
0,5.39034
0,5.43022
0,9.1781
0,11.0446
0,11.1856
0,16.808
0,13.1572
0,12.7759
0,11.088
0,14.9744
0,15.7572
0,5.49401
0,5.42909
0,10.3761
0,8.79579
0,7.19574
0,9.06898
0,9.06512
0,10.8922
0,14.6264
0,9.42255
0,16.3089
0,5.38087
0,5.42035
0,22.4032
0,5.42793
0,63.1651
0,62.7903
0,122.728
0,104.939
0,80.8445
0,144.855
0,61.4328
0,5.30193
0,5.45202
0,5.46848
0,11.1486
0,5.3679
0,9.05659
0,11.0284
0,23.9099
0,22.1363
0,14.4032
0,17.6529
0,5.47038
0,5.37087
0,7.40978
0,9.17758
0,10.9136
0,10.8696
0,11.0048
0,14.916
0,14.3747
0,16.448
0,19.011
0,5.40613
0,5.35692
0,5.40762
0,39.6642
0,61.2812
0,24.3472
0,63.2165
0,106.745
0,164.103
0,96.7332
0,221.775
0,5.45145
0,5.39633
0,7.19336
0,9.16783
0,7.2358
0,14.9698
0,12.8055
0,16.1364
0,12.9625
0,20.7146
0,15.8267
0,5.42518
0,5.43014
0,9.09466
0,10.9127
0,12.6829
0,11.1856
0,10.826
0,14.5957
0,19.7507
0,14.8485
0,12.6764
0,5.42554
0,5.40734
0,9.36197
0,71.1687
0,65.1899
0,13.1267
0,102.42
0,69.284
0,142.431
0,134.708
0,126.747
0,5.49427
0,5.48666
0,10.993
0,5.52974
0,12.5041
0,11.0911
0,12.2118
0,16.716
0,16.047
0,14.7873
0,20.2599
0,5.39067
0,5.48983
0,8.95091
0,8.8915
0,8.94367
0,10.8522
0,11.0932
0,14.4998
0,7.42651
0,14.6544
0,14.5226
0,5.37717
0,5.43321
0,5.33587
0,15.018
0,51.3892
0,32.1028
0,98.6896
0,132.426
0,108.96
0,93.2254
0,69.4434
0,5.44584
0,5.43184
0,7.36754
0,7.182
0,7.23733
0,14.7972
0,11.168
0,12.8554
0,16.5883
0,12.4193
0,18.6198
0,5.38973
0,5.38615
0,5.44279
0,5.53955
0,10.74
0,10.6109
0,14.6834
0,14.2622
0,14.1801
0,14.07
0,14.4888
0,5.37256
0,5.35303
0,31.902
0,39.3217
0,77.7269
0,65.0054
0,52.3904
0,24.543
0,79.7061
0,78.9553
0,81.3064
0,5.45944
0,5.4742
0,11.1782
0,9.24231
0,9.21092
0,9.27015
0,14.8103
0,16.2674
0,9.1116
0,16.6977
0,14.4763
0,5.42388
0,5.4319
0,7.25094
0,5.38615
0,8.86073
0,9.16169
0,10.8412
0,7.40011
0,10.2461
0,12.3831
0,20.8068
0,5.33067
0,5.47233
0,35.4208
0,55.573
0,89.022
0,102.727
0,73.1629
0,104.787
0,132.517
0,97.0183
0,142.478
0,5.44754
0,5.47972
0,9.12038
0,5.4289
0,9.26322
0,14.8875
0,9.26625
0,13.1682
0,17.8191
0,20.1652
0,18.3174
0,5.37266
0,5.32903
0,5.47463
0,7.34161
0,9.03426
0,10.218
0,10.8956
0,10.8413
0,9.48239
0,16.5863
0,16.9344
0,5.40141
0,5.38539
0,24.4479
0,31.9376
0,16.9701
0,61.3133
0,70.8557
0,110.642
0,68.9844
0,101.119
0,114.878
0,5.48238
0,5.56517
0,9.25502
0,7.29781
0,9.17771
0,10.6171
0,13.0202
0,15.8913
0,20.7184
0,13.027
0,20.148
0,5.58755
0,5.40848
0,5.34095
0,7.20041
0,9.15188
0,10.9374
0,14.4417
0,10.8084
0,15.7941
0,10.6809
0,14.5469
0,13.3508
0,37.9086
0,53.5812
0,90.3898
0,127.203
0,77.8446
0,91.5118
0,123.303
0,259.656
0,273.872
0,307.203
0,13.2767
0,16.3323
0,18.6946
0,26.3697
0,25.237
0,27.3147
0,5.42251
0,5.43226
0,5.37604
0,11.1562
0,70.9071
0,71.0869
0,63.8043
0,72.9654
0,96.9408
0,55.1945
0,162.488
0,5.50414
0,5.39224
0,7.34085
0,12.8826
0,7.28489
0,11.1619
0,12.8355
0,17.5866
0,11.199
0,16.0703
0,22.4606
0,5.47251
0,5.4469
0,7.04465
0,9.10053
0,9.07456
0,10.802
0,12.9158
0,13.0878
0,12.6751
0,12.3691
0,10.8612
0,10.0469
0,10.1613
0,27.1866
0,33.9123
0,66.4647
0,67.5254
0,97.37
0,89.9168
0,87.3153
0,71.9173
0,51.8966
0,10.1529
0,10.1284
0,13.2682
0,16.5133
0,16.5617
0,15.3998
0,19.897
0,19.5574
0,15.0904
0,20.0278
0,18.2663
0,10.116
0,10.1848
0,11.5894
0,11.8284
0,13.3791
0,12.0659
0,12.3193
0,15.6261
0,17.7442
0,13.023
0,19.3193
0,5.41569
0,5.45005
0,5.49864
0,59.4925
0,20.4877
0,63.7341
0,60.9024
0,118.505
0,140.236
0,105.043
0,79.2229
0,121.479
0,168.196
0,180.006
0,150.753
0,249.563
0,204.203
0,214.018
0,174.103
0,271.557
0,5.42521
0,5.37486
0,9.30681
0,11.1183
0,11.0529
0,12.9939
0,14.6046
0,21.8215
0,12.9185
0,15.0951
0,23.6035
0,14.9306
0,20.0738
0,28.187
0,18.3375
0,26.1609
0,29.6872
0,29.5266
0,27.9412
0,29.9241
0,5.38807
0,5.34944
0,8.39355
0,7.23683
0,12.8243
0,9.33207
0,9.19203
0,12.6776
0,14.5608
0,12.621
0,11.4519
0,16.1161
0,16.5848
0,13.2789
0,18.4783
0,14.4001
0,14.8707
0,14.8599
0,23.6077
0,31.0138
0,26.3911
0,10.0871
0,10.095
0,10.1788
0,37.0511
0,85.4516
0,74.2658
0,45.8199
0,110.977
0,56.9958
0,117.178
0,133.759
0,154.934
0,160.821
0,174.65
0,131.257
0,208.25
0,208.69
0,259.927
0,92.2925
0,196.757
0,10.2295
0,10.0873
0,10.0507
0,14.8912
0,15.4361
0,13.5512
0,15.3762
0,18.7948
0,20.6404
0,21.1799
0,15.2012
0,16.9229
0,18.9709
0,22.6337
0,34.2394
0,28.4911
0,35.5161
0,25.6104
0,31.2653
0,25.6212
0,10.2303
0,10.0661
0,10.139
0,11.1118
0,13.5371
0,13.2598
0,18.075
0,17.1059
0,15.5272
0,19.2995
0,18.7205
0,14.9502
0,17.1101
0,20.1669
0,20.2494
0,21.4832
0,20.1606
0,19.3196
0,23.3594
0,28.352
0,5.4438
0,5.5696
0,5.50416
0,47.876
0,26.5469
0,82.819
0,84.7797
0,91.0626
0,87.0611
0,100.756
0,158.323
0,126.684
0,150.434
0,87.3924
0,128.785
0,237.723
0,187.952
0,164.187
0,182.271
0,243.68
0,5.4695
0,5.35496
0,7.28489
0,9.16345
0,9.21963
0,9.06567
0,15.0467
0,14.5359
0,18.6361
0,14.2299
0,18.3319
0,26.0926
0,21.5841
0,27.8578
0,22.3592
0,23.712
0,19.9184
0,18.225
0,27.9509
0,21.7643
0,5.41758
0,5.33575
0,5.37067
0,9.13031
0,13.8965
0,10.8415
0,10.7807
0,11.4124
0,14.8621
0,16.6264
0,17.0317
0,14.7673
0,18.5028
0,20.1043
0,18.8023
0,15.1472
0,22.1314
0,18.5872
0,26.5316
0,16.6655
0,5.4322
0,5.46094
0,22.4341
0,38.7406
0,40.1244
0,94.8955
0,77.4167
0,114.517
0,116.726
0,57.502
0,148.758
0,233.835
0,206.241
0,196.196
0,160.12
0,208.048
0,184.05
0,188.076
0,182.194
0,229.699
0,5.338
0,5.40208
0,9.21637
0,5.40978
0,14.0651
0,12.4527
0,12.9387
0,11.0052
0,11.0756
0,14.1515
0,27.1267
0,22.1971
0,18.8567
0,21.9768
0,19.9935
0,22.4767
0,26.2919
0,20.3683
0,23.8044
0,26.0826
0,5.32233
0,5.34684
0,7.33745
0,9.16309
0,8.28034
0,10.1789
0,12.7857
0,12.744
0,12.3931
0,9.0815
0,10.4334
0,16.8499
0,17.6032
0,17.0812
0,12.6789
0,16.7322
0,20.4569
0,23.8499
0,17.1981
0,59.1177
0,10.1744
0,10.1822
0,37.1662
0,40.377
0,65.938
0,63.1277
0,68.168
0,57.0153
0,139.627
0,143.174
0,76.0269
0,144.598
0,149.322
0,136.148
0,107.251
0,170.995
0,200.189
0,184.957
0,200.517
0,198.357
0,10.1298
0,10.1548
0,11.8222
0,10.2155
0,15.5147
0,15.2597
0,22.9478
0,23.003
0,19.7582
0,17.3508
0,19.0206
0,21.2102
0,13.4524
0,24.3572
0,30.4506
0,29.0458
0,25.3122
0,24.6118
0,26.1159
0,33.3301
0,26.0318
0,10.0993
0,10.0783
0,11.1259
0,14.4055
0,13.3767
0,16.1111
0,17.526
0,14.2833
0,14.0931
0,17.3704
0,17.0207
0,18.0051
0,20.0081
0,17.0507
0,19.5128
0,19.6588
0,25.5238
0,21.2076
0,20.631
0,22.5036
0,13.4056
0,13.3871
0,13.5291
0,35.8912
0,58.12
0,103.666
0,71.7952
0,172.762
0,158.938
0,252.232
0,253.868
0,242.321
0,144.988
0,158.664
0,164.758
0,352.883
0,202.29
0,283.95
0,245.316
0,327.013
0,555.531
0,262.058
0,13.3179
0,17.706
0,21.85
0,5.52934
0,5.42572
0,24.3241
0,59.1455
0,98.6935
0,65.2984
0,68.7648
0,166.329
0,172.31
0,83.0117
0,154.26
0,111.067
0,156.341
0,150.381
0,170.421
0,136.362
0,89.5644
0,190.08
0,235.649
0,239.623
0,5.42772
0,5.46205
0,9.12546
0,9.29458
0,11.9688
0,9.10233
0,16.4443
0,14.6578
0,22.62
0,13.1109
0,22.0372
0,20.1075
0,12.9813
0,22.1379
0,28.0758
0,22.3936
0,28.0776
0,27.4819
0,24.1159
0,37.5628
0,5.49271
0,5.40677
0,7.23477
0,7.4051
0,9.26933
0,8.96155
0,12.9262
0,12.9246
0,12.7863
0,14.5724
0,16.5059
0,16.3853
0,13.1231
0,18.3182
0,18.2734
0,20.7595
0,24.2985
0,82.5478
0,17.8651
0,21.7492
0,10.1548
0,10.1013
0,24.2491
0,26.259
0,33.3188
0,58.9586
0,63.9635
0,89.8318
0,100.731
0,139.043
0,111.204
0,113.299
0,261.796
0,194.936
0,166.489
0,125.648
0,139.732
0,268.006
0,225.887
0,162.799
0,10.1107
0,10.1547
0,13.452
0,17.5852
0,11.8082
0,13.3964
0,18.3494
0,21.9985
0,23.1675
0,21.592
0,24.0866
0,23.6917
0,23.626
0,18.6735
0,19.1785
0,10.0509
0,10.0921
0,38.0323
0,49.2568
0,59.2277
0,35.6843
0,117.07
0,133.214
0,118.761
0,135.928
0,152.945
0,135.325
0,178.785
0,196.216
0,92.6973
0,160.297
0,242.214
0,202.03
0,121.561
0,171.761
0,10.2426
0,10.1625
0,11.786
0,11.913
0,18.3477
0,14.2039
0,21.8146
0,23.0407
0,14.0129
0,18.5412
0,26.7611
0,17.4078
0,21.5145
0,17.0563
0,26.8957
0,22.6195
0,30.6634
0,23.173
0,29.3635
0,23.4199
0,10.1067
0,10.1466
0,10.185
0,10.1518
0,29.0948
0,16.8054
0,18.0404
0,17.3953
0,15.5495
0,14.8313
0,15.7586
0,19.8279
0,23.7973
0,16.9636
0,23.1181
0,18.0557
0,44.3125
0,21.8043
0,18.6109
0,26.9106
0,13.2552
0,13.3663
0,5.3706
0,5.55841
0,29.9038
0,59.315
0,73.0316
0,65.2219
0,85.1481
0,116.735
0,182.138
0,120.803
0,61.6961
0,184.082
0,152.229
0,112.675
0,164.321
0,188.098
0,176.033
0,241.958
0,245.629
0,235.717
0,13.3724
0,5.40202
0,5.36171
0,5.38532
0,26.3244
0,67.3549
0,32.0973
0,38.8374
0,106.874
0,86.7522
0,113.196
0,80.9537
0,134.438
0,152.361
0,172.201
0,227.661
0,168.313
0,148.344
0,226.041
0,259.6
0,239.888
0,5.38485
0,5.42732
0,24.6135
0,7.39444
0,48.3046
0,38.275
0,5.3933
0,136.349
0,96.7388
0,110.639
0,102.586
0,150.304
0,122.474
0,118.971
0,38.0664
0,72.0688
0,186.198
0,184.074
0,201.936
0,180.32
0,5.32342
0,5.46819
0,26.1692
0,35.7017
0,65.2333
0,61.3986
0,71.1744
0,108.578
0,94.7338
0,77.1172
0,122.479
0,86.8247
0,121.13
0,209.993
0,217.948
0,208.056
0,231.792
0,164.268
0,211.789
0,158.158
0,5.45517
0,5.45256
0,5.50029
0,9.17166
0,11.1803
0,12.9614
0,7.25533
0,9.20871
0,11.1499
0,16.3985
0,17.8481
0,20.076
0,22.4105
0,27.8418
0,20.3403
0,32.7986
0,26.1073
0,28.163
0,30.3613
0,27.6756
0,5.33037
0,5.52703
0,8.65724
0,7.39852
0,10.9919
0,7.29156
0,10.9707
0,7.1935
0,16.4001
0,10.4492
0,18.0571
0,18.2309
0,17.0054
0,18.8334
0,14.0607
0,20.53
0,18.5333
0,22.3935
0,18.5197
0,24.3498
0,10.8931
0,24.1558
0,5.5625
0,5.31604
0,19.071
0,37.5125
0,53.7534
0,46.0929
0,64.9048
0,97.142
0,54.0974
0,124.608
0,124.784
0,229.814
0,184.202
0,100.822
0,170.089
0,144.362
0,166.465
0,182.322
0,241.653
0,319.226
0,382.916
0,5.44983
0,5.32896
0,9.32119
0,5.44224
0,9.16038
0,12.0915
0,18.1793
0,18.2267
0,13.0793
0,14.878
0,18.3297
0,20.7543
0,20.2572
0,24.2055
0,28.1056
0,24.0173
0,26.0513
0,20.6143
0,32.5315
0,39.8393
0,20.7169
0,5.39175
0,5.37581
0,8.66173
0,10.8969
0,12.675
0,10.8579
0,11.0165
0,10.8201
0,10.9196
0,14.0804
0,14.9788
0,16.3574
0,14.404
0,16.5934
0,16.2097
0,17.0499
0,20.1629
0,19.9986
0,20.1149
0,20.5571
0,23.4594
0,10.053
0,10.0807
0,25.5419
0,19.221
0,39.0824
0,62.816
0,81.8279
0,84.7809
0,125.166
0,120.441
0,121.756
0,182.197
0,148.319
0,164.841
0,135.104
0,162.415
0,106.619
0,263.904
0,192.741
0,243.631
0,253.912
0,10.0802
0,10.1279
0,15.3954
0,13.7031
0,15.2257
0,15.9996
0,18.4608
0,17.0612
0,23.8816
0,23.3763
0,17.6307
0,13.5086
0,18.0313
0,25.5593
0,22.7266
0,26.4216
0,35.327
0,27.9295
0,28.0269
0,33.5837
0,24.5589
0,10.0621
0,10.0629
0,10.167
0,14.3604
0,11.2624
0,13.6083
0,16.2335
0,16.1672
0,15.6967
0,21.2041
0,15.5612
0,18.3014
0,17.0739
0,19.1734
0,72.8428
0,17.8848
0,24.4002
0,23.7896
0,23.379
0,25.7797
0,22.7508
0,5.30596
0,5.39445
0,20.7152
0,30.1287
0,94.8246
0,94.749
0,104.966
0,154.347
0,158.199
0,77.5293
0,152.383
0,136.379
0,176.285
0,182.336
0,190.349
0,214.079
0,229.668
0,273.9
0,152.396
0,240.026
0,168.54
0,5.3508
0,5.47346
0,10.9224
0,5.37601
0,5.42868
0,14.7093
0,12.707
0,18.868
0,24.0038
0,16.6258
0,22.2115
0,18.73
0,20.447
0,19.8464
0,32.4413
0,24.2006
0,24.1768
0,25.9135
0,33.7762
0,29.6663
0,29.826
0,5.33403
0,5.45477
0,7.39437
0,9.0787
0,15.8494
0,11.1261
0,8.96428
0,11.0886
0,16.034
0,12.7747
0,14.4007
0,16.1709
0,16.2912
0,20.1857
0,19.7259
0,19.0677
0,16.7561
0,22.8607
0,23.6413
0,20.5597
0,20.6879
0,10.0925
0,10.1848
0,10.1904
0,40.4862
0,101.176
0,22.2053
0,41.1202
0,82.2269
0,68.9803
0,74.2067
0,129.093
0,196.643
0,212.483
0,170.814
0,175.083
0,279.437
0,272.164
0,137.321
0,229.816
0,172.677
0,253.375
0,10.1339
0,10.2141
0,15.1853
0,13.5812
0,11.9078
0,13.4538
0,20.6948
0,19.8319
0,17.6256
0,17.4805
0,18.6992
0,22.0599
0,28.0929
0,28.8122
0,31.1694
0,22.9045
0,27.6964
0,29.6001
0,25.7396
0,36.5877
0,28.2459
0,10.2857
0,10.1803
0,10.0691
0,12.4342
0,13.6564
0,12.1485
0,12.5349
0,14.0382
0,19.1424
0,20.883
0,15.1015
0,16.0236
0,19.7729
0,17.9719
0,26.9929
0,21.8137
0,19.2211
0,22.4126
0,20.0574
0,24.1501
0,26.0559
0,13.3794
0,36.7494
0,72.3489
0,72.79
0,152.777
0,129.424
0,169.232
0,172.8
0,195.143
0,263.938
0,139.222
0,5.46241
0,5.34963
0,22.5915
0,55.8129
0,71.0242
0,35.654
0,57.613
0,120.63
0,96.8789
0,102.895
0,84.8988
0,120.749
0,160.394
0,95.2075
0,142.475
0,130.389
0,194.075
0,253.771
0,257.838
0,269.498
0,259.51
0,5.37226
0,5.44735
0,7.16029
0,10.85
0,12.2232
0,7.22768
0,14.6325
0,16.0051
0,14.9289
0,14.8805
0,16.846
0,15.9691
0,24.1732
0,20.0286
0,16.2964
0,27.5818
0,5.45506
0,5.3339
0,5.3682
0,29.969
0,69.4425
0,65.1278
0,53.0314
0,98.8066
0,122.78
0,59.6122
0,142.485
0,112.929
0,142.555
0,136.629
0,225.794
0,138.784
0,217.997
0,108.575
0,198.257
0,172.146
0,212.024
0,5.4036
0,5.42459
0,9.16043
0,7.27873
0,9.16921
0,13.0021
0,14.283
0,14.7752
0,20.5831
0,11.121
0,11.1835
0,18.2093
0,16.2557
0,24.1782
0,20.0292
0,27.9353
0,27.3858
0,22.2484
0,25.1916
0,35.7967
0,28.3294
0,5.42929
0,5.4449
0,8.38257
0,7.23005
0,9.28653
0,7.11982
0,8.96893
0,15.0957
0,10.2497
0,14.5303
0,17.3017
0,19.7254
0,21.0051
0,14.7559
0,12.6289
0,53.1064
0,22.5437
0,74.9031
0,18.4686
0,27.0063
0,20.2874
0,10.1207
0,10.1499
0,10.1593
0,25.8939
0,30.965
0,22.8899
0,108.773
0,83.6859
0,105.577
0,130.627
0,104.585
0,150.515
0,119.38
0,132.779
0,195.943
0,202.516
0,210.18
0,164.817
0,216.788
0,185.689
0,234.15
0,10.0801
0,10.1767
0,10.1186
0,15.2249
0,13.6208
0,10.1321
0,17.1155
0,16.8151
0,21.6475
0,15.2237
0,21.9881
0,24.8267
0,23.5883
0,30.4518
0,27.6726
0,28.0714
0,22.3481
0,26.8763
0,24.9949
0,29.1862
0,25.7007
0,10.1922
0,10.055
0,10.1208
0,10.1401
0,12.7582
0,14.0527
0,11.9231
0,13.2337
0,17.9988
0,20.3607
0,18.8482
0,18.3475
0,17.7298
0,15.2899
0,21.5211
0,22.7908
0,23.4368
0,25.0858
0,19.1434
0,22.9869
0,41.3523
0,5.38275
0,5.36054
0,5.31375
0,24.3995
0,33.9562
0,26.3165
0,134.415
0,146.44
0,122.809
0,109.24
0,118.834
0,177.968
0,122.771
0,158.101
0,219.745
0,158.262
0,170.19
0,253.642
0,196.397
0,192.207
0,225.967
0,5.36734
0,5.39552
0,9.15938
0,7.31775
0,9.26631
0,10.9527
0,11.1727
0,16.9811
0,17.6147
0,18.7714
0,16.6361
0,11.0546
0,14.1658
0,19.7906
0,19.7276
0,21.6297
0,28.4196
0,24.4486
0,30.0167
0,22.0339
0,24.154
0,5.50942
0,5.47641
0,5.37226
0,9.2262
0,9.13387
0,10.9161
0,12.9664
0,12.1561
0,16.6609
0,10.985
0,18.173
0,16.4388
0,21.9469
0,20.6288
0,20.335
0,20.8099
0,17.3835
0,21.0193
0,20.2603
0,24.5775
0,20.5984
0,10.1443
0,10.2154
0,27.015
0,10.1346
0,38.531
0,40.2824
0,103.095
0,113.924
0,76.6571
0,52.501
0,100.663
0,166.51
0,144.835
0,184.278
0,123.219
0,210.266
0,166.376
0,225.953
0,178.396
0,216.306
0,269.844
0,10.1765
0,10.1227
0,11.755
0,15.3233
0,10.0461
0,14.3052
0,13.4414
0,13.1836
0,22.8434
0,21.5439
0,25.1266
0,20.5902
0,30.9965
0,24.7054
0,25.29
0,28.4809
0,33.2289
0,24.3539
0,27.0337
0,34.2685
0,32.125
0,10.3605
0,10.2522
0,11.1811
0,13.8882
0,13.1937
0,11.0329
0,15.3813
0,16.1637
0,17.4086
0,15.9038
0,16.9472
0,18.5142
0,17.0489
0,20.5324
0,16.7687
0,19.4437
0,22.2862
0,19.8856
0,21.0623
0,22.5079
0,24.4449
0,5.38228
0,5.37998
0,37.4099
0,47.6736
0,88.7148
0,76.8558
0,65.6737
0,55.6293
0,99.0803
0,126.645
0,61.1432
0,139.003
0,225.896
0,89.8674
0,168.427
0,206.044
0,150.743
0,245.849
0,129.305
0,190.499
0,170.334
0,5.36821
0,5.41337
0,5.40883
0,9.15554
0,7.27334
0,14.9243
0,10.992
0,14.7684
0,14.5966
0,19.8505
0,14.892
0,26.1568
0,15.2157
0,22.1412
0,18.73
0,23.662
0,24.2411
0,33.645
0,16.3861
0,26.0569
0,23.1135
0,5.43039
0,5.55406
0,7.24184
0,10.6422
0,11.0272
0,7.07316
0,12.0042
0,14.4219
0,12.7402
0,12.2167
0,14.4832
0,16.1161
0,20.2814
0,16.559
0,17.1035
0,21.9645
0,13.1502
0,17.8638
0,16.1124
0,22.1587
0,26.4971
0,10.1355
0,10.1681
0,13.7441
0,10.2015
0,107.04
0,40.6301
0,43.1148
0,71.4749
0,140.727
0,27.4358
0,123.579
0,121.441
0,171.04
0,170.786
0,215.854
0,163.24
0,273.947
0,196.796
0,194.57
0,194.619
0,200.643
0,10.1329
0,10.1159
0,10.0142
0,12.0052
0,18.3318
0,20.2973
0,14.7279
0,23.5621
0,25.8733
0,27.1438
0,18.2422
0,19.7697
0,25.6465
0,24.4347
0,26.1352
0,29.2197
0,28.8496
0,24.24
0,28.5569
0,38.0441
0,28.8049
0,10.1317
0,10.2247
0,11.7121
0,10.9907
0,14.5514
0,11.6779
0,14.3642
0,13.9596
0,13.1577
0,18.7797
0,16.3403
0,17.0384
0,22.0589
0,17.9199
0,22.637
0,21.2105
0,23.1335
0,24.8581
0,25.3865
0,24.8213
0,28.1379
0,13.2498
0,27.6506
0,70.7619
0,76.142
0,115.789
0,162.879
0,97.6071
0,210.319
0,220.585
0,285.663
0,166.668
0,303.944
0,397.18
0,414.4
0,186.734
0,198.214
0,216.651
0,234.284
0,232.305
0,397.238
0,297.717
0,13.1795
0,17.085
0,9.346
0,9.27766
0,32.8961
0,66.0288
0,91.9631
0,67.168
0,171.352
0,177.471
0,211.208
0,116.662
0,130.541
0,278.848
0,144.288
0,346.371
0,305.023
0,441.675
0,225.855
0,445.659
0,216.185
0,534.941
0,578.818
0,612.741
0,9.29906
0,17.4226
0,21.2394
0,23.1163
0,25.1893
0,25.577
0,25.8559
0,29.4449
0,30.1104
0,35.6201
0,9.29891
0,9.31702
0,5.36228
0,5.40696
0,33.9498
0,71.4022
0,91.2283
0,95.2033
0,118.835
0,154.757
0,182.568
0,174.618
0,208.375
0,236.211
0,251.984
0,251.987
0,279.742
0,303.562
0,327.331
0,329.433
0,375.281
0,381.081
0,3.07631
0,5.5034
0,5.49681
0,7.23324
0,8.42503
0,7.47575
0,8.36022
0,8.61742
0,8.63215
0,9.28428
0,10.2943
0,10.6054
0,10.5256
0,10.5454
0,10.3946
0,10.4575
0,11.3456
0,11.4036
0,14.506
0,12.3606
0,14.5284
0,16.4829
0,5.4619
0,5.46792
0,7.32847
0,7.32077
0,7.83987
0,7.71406
0,8.15197
0,9.10031
0,9.50158
0,9.3477
0,9.82034
0,10.3904
0,10.9754
0,11.0757
0,11.405
0,11.8842
0,12.2755
0,12.2374
0,12.8813
0,13.3609
0,13.8051
0,10.0782
0,10.1135
0,38.6429
0,70.1161
0,103.473
0,103.382
0,137.333
0,163.041
0,194.739
0,192.697
0,222.635
0,262.434
0,280.135
0,284.199
0,307.899
0,341.541
0,367.48
0,385.512
0,385.311
0,413.106
0,3.06148
0,10.1387
0,10.1679
0,11.664
0,12.5157
0,12.3977
0,12.598
0,13.6698
0,13.6978
0,13.7822
0,12.4439
0,12.7985
0,14.6115
0,15.9417
0,14.6095
0,15.8511
0,15.9747
0,18.5428
0,16.4979
0,17.9886
0,20.4958
0,10.1473
0,10.1184
0,38.9154
0,72.0153
0,101.793
0,101.807
0,131.402
0,163.065
0,192.741
0,192.794
0,228.589
0,264.405
0,290.136
0,288.184
0,315.889
0,337.686
0,365.494
0,365.433
0,393.262
0,423.088
0,3.05766
0,10.0652
0,10.1284
0,11.6811
0,12.2371
0,12.5689
0,12.363
0,12.5792
0,13.8704
0,13.8662
0,13.9797
0,14.7101
0,14.7803
0,14.923
0,14.8664
0,16.5509
0,16.4461
0,18.3387
0,17.6585
0,18.5184
0,20.4371
0,20.7407
0,10.0154
0,10.1467
0,11.6473
0,11.7524
0,12.0403
0,11.8953
0,12.2355
0,13.3842
0,13.6694
0,13.5435
0,14.075
0,14.4595
0,15.1542
0,15.2467
0,15.4983
0,15.9549
0,16.0738
0,16.3627
0,17.0014
0,17.2881
0,17.8298
0,5.39982
0,5.44572
0,35.6811
0,67.1803
0,93.0794
0,91.293
0,123.091
0,148.813
0,176.602
0,186.662
0,200.342
0,218.147
0,247.95
0,247.98
0,303.721
0,305.588
0,337.421
0,331.345
0,373.291
0,377.075
0,3.08377
0,5.38128
0,5.44265
0,13.0259
0,16.7606
0,74.6195
0,90.6573
0,69.8757
0,148.41
0,219.811
0,404.42
0,585.099
0,807.591
0,1049.88
0,9.31182
0,1031
0,1427.42
0,1895.34
0,2318.8
0,2362.27
0,3149.87
0,3811.49
0,5498.94
0,5.36465
0,5.4597
0,8.98441
0,14.4682
0,20.1048
0,20.1456
0,24.3171
0,37.5947
0,70.5764
0,61.3
0,143.031
0,190.569
0,276.74
0,302.425
0,373.924
0,492.81
0,615.209
0,612.81
0,769.51
0,909.843
0,1080.5
0,10.049
0,10.2153
0,38.6511
0,71.6756
0,99.8258
0,99.4859
0,141.442
0,161.113
0,196.745
0,194.75
0,220.45
0,248.433
0,288.074
0,290.132
0,309.849
0,335.704
0,363.545
0,361.537
0,395.294
0,429.076
0,1.10913
0,10.2497
0,10.1966
0,22.0856
0,26.0415
0,71.1392
0,79.5566
0,129.516
0,258.894
0,443.691
0,484.972
0,702.946
0,855.116
0,1264.36
0,1253.22
0,1528.35
0,2015.58
0,2700.45
0,2694.68
0,3362.9
0,4475.26
0,6304.96
0,10.1002
0,10.2199
0,13.7937
0,18.0191
0,24.9933
0,23.2049
0,28.4138
0,44.4606
0,74.5949
0,75.5833
0,139.309
0,212.878
0,316.856
0,318.44
0,420.292
0,567.88
0,692.731
0,689.139
0,841.154
0,1023.05
0,1178.91
0,9.311
0,227.479
0,364.352
0,558.59
0,5.46757
0,5.3979
0,35.4517
0,61.4739
0,105.127
0,89.2827
0,118.798
0,146.854
0,174.659
0,174.577
0,198.336
0,242.131
0,260.068
0,262.115
0,269.778
0,301.612
0,319.466
0,335.365
0,365.262
0,377.101
0,3.0833
0,5.3982
0,5.37396
0,13.0448
0,35.9013
0,57.4773
0,58.3525
0,73.3935
0,295.676
0,212.939
0,349.568
0,641.696
0,5.34963
0,5.3799
0,33.7184
0,65.5444
0,89.2626
0,93.1483
0,118.877
0,148.583
0,176.398
0,174.594
0,198.34
0,224.156
0,255.952
0,268.038
0,273.788
0,291.663
0,323.435
0,331.388
0,345.279
0,389.081
0,3.07378
0,5.3826
0,5.42237
0,7.36563
0,7.34253
0,8.39416
0,7.41781
0,9.2654
0,9.32582
0,8.90908
0,9.26223
0,10.2877
0,10.3869
0,11.3025
0,11.2949
0,10.7155
0,12.7429
0,11.3787
0,12.4539
0,12.4325
0,15.3205
0,16.4168
0,5.51914
0,5.47621
0,7.46023
0,7.41638
0,9.06699
0,7.82329
0,8.03654
0,9.15844
0,9.48613
0,9.45012
0,9.73671
0,10.2369
0,10.932
0,10.9093
0,11.2603
0,11.7697
0,12.1615
0,12.1921
0,12.7929
0,13.2617
0,13.7586
0,10.242
0,10.154
0,36.7427
0,72.2395
0,105.906
0,101.635
0,133.046
0,159.122
0,190.863
0,202.887
0,218.575
0,250.374
0,296.254
0,288.202
0,329.985
0,343.629
0,369.398
0,361.485
0,397.288
0,417.1
0,1.11168
0,10.0663
0,10.1182
0,11.9435
0,11.9185
0,12.0074
0,12.7465
0,12.5913
0,13.6677
0,13.9826
0,13.6189
0,14.8012
0,14.4516
0,14.5012
0,14.4986
0,14.5105
0,15.8643
0,16.5678
0,18.2991
0,18.4229
0,18.7847
0,22.0257
0,10.0785
0,10.1729
0,11.3214
0,11.9626
0,12.0366
0,12.1691
0,12.2544
0,13.0306
0,13.3172
0,13.6705
0,14.073
0,14.2875
0,14.8857
0,14.9339
0,15.5912
0,15.9893
0,16.2557
0,16.3564
0,16.9404
0,17.2871
0,17.7698
0,1137.6
0,17.9265
0,5.37433
0,5.3415
0,35.5869
0,65.3633
0,93.0438
0,91.0801
0,124.829
0,156.84
0,170.534
0,186.611
0,196.332
0,224.183
0,257.929
0,267.995
0,279.748
0,299.625
0,331.434
0,351.459
0,353.285
0,379.076
0,3.07564
0,5.53464
0,5.38638
0,7.26411
0,8.35234
0,8.71251
0,8.43372
0,8.48871
0,9.27679
0,10.6816
0,10.1992
0,9.38073
0,9.32708
0,11.3461
0,10.3669
0,12.2529
0,12.76
0,11.375
0,13.4048
0,14.4343
0,16.4429
0,16.5381
0,5.43498
0,5.48319
0,7.31579
0,8.52525
0,7.70026
0,7.67181
0,8.24513
0,9.08161
0,9.7321
0,9.69314
0,9.75191
0,10.2343
0,10.8346
0,10.8662
0,11.3198
0,11.7975
0,12.3207
0,12.214
0,12.8703
0,13.2975
0,13.6797
0,5.42834
0,5.46234
0,35.6367
0,61.4093
0,93.1492
0,95.1108
0,120.846
0,152.712
0,178.584
0,170.511
0,214.395
0,230.12
0,251.983
0,259.887
0,285.764
0,301.579
0,359.447
0,327.485
0,359.254
0,381.071
0,5.46501
0,5.4259
0,7.34497
0,7.38145
0,7.31984
0,8.35034
0,8.52524
0,8.85715
0,8.64848
0,9.28144
0,9.2486
0,10.7705
0,9.40162
0,12.8604
0,10.5223
0,11.3746
0,14.2452
0,11.3423
0,13.3673
0,14.5644
0,5.48003
0,5.44149
0,7.05798
0,7.44837
0,7.77467
0,7.7933
0,8.57809
0,8.97801
0,9.44179
0,9.56699
0,9.96916
0,10.4715
0,10.9353
0,10.961
0,11.2317
0,11.8954
0,12.6316
0,12.3824
0,12.8661
0,13.3092
0,10.1171
0,10.1334
0,38.4775
0,73.9708
0,99.4984
0,103.284
0,133.514
0,165.113
0,196.981
0,194.659
0,216.423
0,244.319
0,278.108
0,300.081
0,307.939
0,341.671
0,369.504
0,385.506
0,395.287
0,419.107
0,10.2339
0,10.1712
0,11.9345
0,11.9333
0,12.6582
0,11.9383
0,12.6849
0,14.3086
0,12.5487
0,13.7275
0,14.5449
0,14.6901
0,15.9944
0,14.6482
0,15.9519
0,16.362
0,16.4155
0,16.6591
0,16.4817
0,18.614
0,10.1436
0,10.1381
0,11.3218
0,11.9653
0,12.0403
0,12.1645
0,12.4369
0,13.2877
0,13.5884
0,13.5948
0,13.8948
0,14.3362
0,15.2994
0,14.933
0,15.4491
0,15.7508
0,16.528
0,16.4203
0,16.5872
0,17.4031
0,9.23507
0,9.25727
0,5.44078
0,5.47
0,6.19841
0,7.15477
0,6.1932
0,19.4324
0,6.08911
0,7.13172
0,7.18878
0,6.15905
0,12.6479
0,26.9946
0,34.8818
0,52.4237
0,55.4554
0,74.1145
0,83.0534
0,94.8757
0,100.772
0,119.462
0,132.349
0,137.209
0,149.109
0,156.943
0,177.708
0,176.701
0,199.497
0,196.395
0,194.118
0,6.00679
0,6.86092
0,7.1276
0,7.02518
0,7.51253
0,7.32004
0,7.70822
0,7.73694
0,8.04756
0,8.01053
0,8.6507
0,8.98728
0,8.90863
0,9.48071
0,9.10303
0,9.5777
0,9.12479
0,9.90965
0,9.99505
0,11.6204
0,6.1009
0,6.81959
0,7.76168
0,7.88346
0,9.31804
0,9.50583
0,10.6885
0,10.6951
0,11.7816
0,12.2045
0,13.424
0,14.5584
0,14.9691
0,15.8881
0,16.3505
0,16.9766
0,17.6842
0,18.7842
0,19.0991
0,20.2126
0,19.5211
0,21.0075
0,33.0363
0,39.6161
0,56.4424
0,64.5355
0,77.9842
0,89.8144
0,105.241
0,115.189
0,133.93
0,150.675
0,156.505
0,174.242
0,183.111
0,197.803
0,184.676
0,222.532
0,204.419
0,244.231
0,19.4185
0,19.4558
0,19.7737
0,20.2864
0,20.332
0,20.196
0,20.2667
0,20.3915
0,20.7099
0,21.077
0,21.1499
0,21.4032
0,21.3496
0,21.3305
0,22.0015
0,22.0804
0,22.2126
0,22.6415
0,23.3917
0,23.9009
0,19.5301
0,19.488
0,19.97
0,20.2234
0,20.4778
0,21.7637
0,21.9734
0,22.3729
0,23.4085
0,23.5853
0,24.7795
0,26.0525
0,25.9449
0,26.9511
0,27.4174
0,28.1226
0,28.6911
0,29.9501
0,30.3456
0,31.5992
0,7.16862
0,8.72369
0,11.2966
0,14.4178
0,17.0067
0,19.9335
0,23.4823
0,26.4346
0,30.6683
0,32.6536
0,36.9003
0,39.3831
0,43.0964
0,45.8151
0,6.0416
0,22.4094
0,53.7413
0,71.7351
0,99.4857
0,115.447
0,145.117
0,153.046
0,188.773
0,204.699
0,236.428
0,256.42
0,274.177
0,298.072
0,315.891
0,339.749
0,357.703
0,389.413
0,401.358
0,427.189
0,6.08532
0,7.9355
0,8.6632
0,9.20256
0,8.66139
0,9.86883
0,9.9739
0,10.4973
0,10.5064
0,11.2623
0,11.8783
0,11.8469
0,11.909
0,11.3356
0,12.0051
0,11.8616
0,13.1141
0,14.5477
0,14.5956
0,16.5424
0,6.17511
0,7.4354
0,8.16773
0,9.18573
0,9.86971
0,10.2783
0,11.4503
0,12.0474
0,13.0091
0,13.5352
0,14.556
0,15.2192
0,15.9301
0,17.0545
0,17.1885
0,18.2413
0,18.4426
0,19.6303
0,20.0813
0,20.8567
0,19.4326
0,26.8943
0,59.7646
0,76.5073
0,110.379
0,129.93
0,161.668
0,179.577
0,209.273
0,227.262
0,258.989
0,298.517
0,310.513
0,350.208
0,356.161
0,391.907
0,413.818
0,441.549
0,455.479
0,441.218
0,19.6079
0,20.0936
0,20.6974
0,21.2229
0,21.0379
0,21.1261
0,21.9083
0,22.8818
0,22.6252
0,21.6531
0,23.3839
0,24.1965
0,23.4257
0,24.3996
0,25.485
0,25.2553
0,25.019
0,27.155
0,27.2468
0,29.2881
0,19.5017
0,19.773
0,20.7667
0,21.5413
0,21.6131
0,22.0079
0,23.6863
0,23.4453
0,24.3528
0,24.7515
0,25.9127
0,26.3903
0,26.7484
0,28.1805
0,28.65
0,29.4553
0,30.3513
0,30.8309
0,31.5303
0,32.4137
0,7.00515
0,6.14767
0,22.6029
0,53.9948
0,69.8148
0,101.299
0,113.426
0,147.115
0,161.043
0,184.835
0,204.654
0,238.455
0,260.32
0,278.175
0,310.026
0,323.841
0,357.709
0,373.543
0,389.386
0,409.297
0,381.071
0,6.12278
0,7.82749
0,8.05109
0,9.0727
0,9.26894
0,8.99874
0,10.6531
0,9.88362
0,9.97374
0,10.6151
0,11.7451
0,11.3695
0,11.9063
0,11.9529
0,13.2263
0,13.0877
0,13.8364
0,15.1059
0,16.5897
0,17.8446
0,6.08753
0,7.62048
0,7.99983
0,9.12721
0,9.93956
0,10.3317
0,11.2615
0,11.7023
0,12.466
0,13.4292
0,14.3424
0,15.3782
0,15.9744
0,16.331
0,17.4352
0,18.4511
0,18.7531
0,19.8299
0,20.4753
0,20.9676
0,19.4476
0,26.8656
0,59.7489
0,76.6372
0,108.169
0,126.201
0,157.982
0,177.572
0,213.354
0,231.181
0,264.98
0,298.714
0,314.447
0,348.253
0,364.068
0,395.884
0,407.795
0,443.521
0,469.378
0,497.16
0,19.7493
0,19.8238
0,20.9801
0,21.01
0,21.2592
0,21.6601
0,21.4075
0,21.1851
0,21.5637
0,22.3316
0,23.3562
0,23.2914
0,24.8443
0,24.8862
0,24.9453
0,25.7425
0,24.8501
0,27.2777
0,26.9663
0,29.1585
0,19.5622
0,19.4872
0,20.6165
0,20.8579
0,21.4808
0,22.5499
0,22.915
0,23.1867
0,24.5973
0,24.7043
0,25.8097
0,26.5534
0,26.8685
0,28.4684
0,28.8799
0,29.6536
0,30.369
0,31.4541
0,31.4109
0,32.4715
0,7.05158
0,10.3317
0,12.5829
0,16.0901
0,18.8815
0,22.1051
0,25.5107
0,27.6515
0,31.3793
0,33.9404
0,36.876
0,40.0971
0,44.0655
0,46.3291
0,50.0152
0,53.0555
0,56.1244
0,58.9082
0,62.2446
0,65.7
0,6.1163
0,9.24059
0,16.4757
0,19.9181
0,26.9254
0,31.8489
0,37.1735
0,42.5682
0,7.13418
0,48.3444
0,54.6436
0,62.9703
0,67.8284
0,70.6212
0,76.5856
0,83.322
0,87.7057
0,89.171
0,89.3084
0,88.7896
0,98.1077
0,6.0902
0,6.37879
0,6.43241
0,6.72787
0,6.61312
0,6.85563
0,6.96502
0,6.88526
0,7.01152
0,7.04682
0,7.033
0,7.26248
0,7.41893
0,7.46115
0,7.76957
0,7.49854
0,8.15802
0,8.23418
0,8.36408
0,6.11513
0,6.57097
0,6.54815
0,6.57096
0,6.49993
0,6.6327
0,6.48606
0,7.0616
0,7.08989
0,6.97659
0,7.06826
0,7.32846
0,7.48217
0,7.30616
0,7.49975
0,7.78804
0,7.76218
0,8.1498
0,8.04053
0,8.88517
0,6.06684
0,6.46063
0,7.20021
0,7.41213
0,8.1387
0,8.85483
0,9.99521
0,10.4855
0,11.178
0,11.6525
0,12.8742
0,13.5753
0,14.0814
0,15.1879
0,15.5481
0,16.4108
0,17.1199
0,18.259
0,18.8756
0,19.5702
0,19.4354
0,19.6016
0,19.5083
0,19.6529
0,19.6746
0,20.0404
0,19.8695
0,19.9999
0,20.1522
0,20.2238
0,20.0692
0,20.24
0,20.4208
0,20.4387
0,20.5455
0,20.6629
0,20.7956
0,21.3306
0,21.0279
0,22.0485
0,19.6137
0,19.3325
0,19.7282
0,19.7462
0,20.3069
0,20.1466
0,21.1707
0,21.4195
0,22.5309
0,22.6316
0,23.7248
0,24.3414
0,24.4343
0,26.1718
0,26.5172
0,26.8665
0,27.6577
0,28.8837
0,29.6094
0,30.3451
0,7.06272
0,8.09558
0,10.3996
0,13.3548
0,16.3897
0,19.3889
0,22.5571
0,25.6284
0,28.5983
0,33.3591
0,35.0737
0,38.4119
0,6.05359
0,6.3613
0,6.55521
0,6.52751
0,6.75831
0,6.58828
0,6.89604
0,6.94375
0,7.04956
0,6.96224
0,7.22446
0,7.3019
0,7.13889
0,7.77549
0,7.44808
0,7.92952
0,7.94443
0,8.04444
0,8.45902
0,9.21666
0,6.09286
0,6.44111
0,7.33488
0,7.74231
0,8.5398
0,9.18013
0,10.2451
0,10.52
0,11.612
0,11.993
0,13.0244
0,13.9298
0,14.4034
0,15.5249
0,15.918
0,16.9779
0,17.2836
0,18.4618
0,18.9658
0,19.8323
0,19.5648
0,19.5007
0,19.5733
0,19.614
0,19.6862
0,19.8066
0,19.9618
0,19.8807
0,20.1064
0,20.1247
0,20.1842
0,20.5048
0,20.2682
0,20.4736
0,20.5718
0,20.8779
0,20.9755
0,21.1157
0,21.4224
0,6.10309
0,6.37238
0,6.42144
0,6.64681
0,6.60131
0,6.77782
0,6.70606
0,6.93571
0,7.06716
0,6.89883
0,7.24492
0,7.49117
0,7.20162
0,7.45964
0,7.55558
0,7.75192
0,7.91442
0,8.14973
0,8.54444
0,8.74208
0,6.11816
0,6.33343
0,7.13035
0,7.62473
0,8.38275
0,8.77988
0,9.91726
0,10.1184
0,11.0714
0,11.6193
0,12.5361
0,13.5501
0,13.9391
0,14.9484
0,15.4953
0,16.5746
0,17.0237
0,18.0506
0,18.5519
0,19.6649
0,19.5213
0,19.656
0,19.6589
0,19.8067
0,19.87
0,19.7796
0,19.7625
0,20.0622
0,20.1478
0,19.979
0,20.1102
0,20.1447
0,20.448
0,20.3377
0,20.4268
0,20.7623
0,20.8608
0,20.9392
0,21.2846
0,21.7958
0,19.588
0,19.608
0,19.776
0,19.5631
0,20.0126
0,20.6358
0,21.2161
0,21.0839
0,22.0754
0,22.4689
0,23.4952
0,24.1685
0,24.4609
0,25.7224
0,25.9175
0,27.0797
0,27.6946
0,28.4652
0,29.0078
0,30.366
0,7.13089
0,8.19773
0,10.1155
0,14.4507
0,6.02032
0,6.4342
0,6.78894
0,6.80195
0,6.82394
0,6.77747
0,6.88791
0,6.89579
0,7.04311
0,7.04258
0,7.21851
0,7.38004
0,7.48874
0,7.90211
0,7.47823
0,7.8013
0,8.01136
0,6.11189
0,6.41516
0,6.55377
0,6.45601
0,6.46472
0,6.71957
0,6.8057
0,6.81587
0,7.07558
0,7.2629
0,7.05639
0,7.22249
0,7.21767
0,7.67982
0,7.52742
0,7.59539
0,8.06936
0,8.33881
0,8.34425
0,8.8643
0,6.1114
0,6.42134
0,7.21307
0,7.60658
0,8.54373
0,8.97779
0,9.83046
0,10.126
0,11.2518
0,11.5059
0,12.7737
0,13.5084
0,14.0276
0,15.0063
0,15.5176
0,16.4625
0,17.1181
0,18.1941
0,18.4092
0,19.5269
0,19.592
0,19.5257
0,19.6327
0,19.6109
0,19.5303
0,19.8704
0,19.9614
0,19.9205
0,19.7821
0,20.0984
0,20.0538
0,20.2111
0,20.3151
0,20.5462
0,20.547
0,20.8158
0,20.9361
0,20.9067
0,21.2132
0,21.6365
0,19.4996
0,19.4617
0,19.7422
0,19.8138
0,20.2194
0,20.4516
0,21.1176
0,21.1948
0,22.0119
0,22.482
0,23.3036
0,24.3296
0,24.6952
0,25.3815
0,26.2052
0,27.0062
0,27.5501
0,28.3693
0,29.2427
0,29.992
0,20.5616
0,20.4928
0,20.39
0,20.4236
0,19.0315
0,34.3025
0,64.2697
0,8.62978
0,8.88626
0,8.95833
0,9.06317
0,8.96338
0,9.25023
0,9.37476
0,9.46404
0,9.33075
0,9.36769
0,9.48788
0,9.73185
0,9.82653
0,9.99582
0,9.96103
0,10.3678
0,10.5408
0,10.4795
0,11.0027
0,11.3825
0,8.63113
0,9.22134
0,11.3393
0,14.1222
0,16.6481
0,19.7887
0,23.3315
0,26.1998
0,29.3211
0,32.7191
0,35.84
0,38.728
0,42.267
0,45.1029
0,48.2237
0,51.9752
0,54.7811
0,57.6731
0,61.3903
0,64.2149
0,18.422
0,18.3648
0,18.4008
0,18.5331
0,18.5054
0,18.8698
0,18.8702
0,19.1257
0,18.8737
0,18.8956
0,19.0388
0,19.1787
0,19.3828
0,19.2948
0,19.2996
0,19.7017
0,19.6255
0,20.1771
0,18.4447
0,18.4834
0,18.431
0,18.7794
0,18.6472
0,18.6206
0,18.7918
0,18.9091
0,19.0324
0,19.131
0,19.1114
0,19.3051
0,19.4235
0,19.4412
0,19.262
0,19.7468
0,19.7995
0,20.1473
0,20.1879
0,20.9049
0,18.313
0,18.5409
0,19.2322
0,20.9794
0,21.9279
0,25.1586
0,27.3601
0,30.1718
0,32.4646
0,36.0488
0,38.0034
0,42.1926
0,45.0866
0,48.6547
0,51.7519
0,54.59
0,58.635
0,62.2935
0,66.1215
0,68.9258
0,9.38629
0,11.4072
0,16.5777
0,23.0492
0,29.713
0,35.575
0,42.055
0,48.7953
0,54.9421
0,61.3471
0,67.3795
0,73.9144
0,80.7106
0,86.6681
0,93.2486
0,99.5793
0,106.427
0,112.254
0,118.743
0,125.306
0,9.37699
0,9.67913
0,9.77597
0,9.79731
0,9.78938
0,9.76945
0,9.78852
0,10.1404
0,10.1737
0,10.102
0,10.2132
0,10.4164
0,10.632
0,10.6669
0,10.662
0,11.0398
0,11.2343
0,11.4195
0,11.2959
0,12.2371
0,8.53826
0,10.519
0,11.2573
0,14.3019
0,16.8518
0,19.9522
0,23.0999
0,26.0383
0,29.285
0,32.8649
0,35.9392
0,38.5086
0,42.2773
0,45.432
0,48.1869
0,51.724
0,54.8086
0,57.907
0,61.3932
0,64.2722
0,8.6863
0,8.85487
0,8.93901
0,8.85136
0,9.18714
0,9.24961
0,9.36172
0,9.4051
0,9.67071
0,9.43786
0,9.76733
0,9.6902
0,9.86481
0,10.1642
0,10.328
0,10.3339
0,10.2037
0,10.4803
0,10.962
0,11.4256
0,18.3769
0,18.377
0,19.1166
0,21.1613
0,22.3666
0,24.5179
0,26.7749
0,29.3364
0,32.1218
0,35.6999
0,38.8528
0,41.9233
0,45.2239
0,48.8575
0,51.7425
0,55.3587
0,59.3567
0,61.765
0,66.2178
0,68.8568
0,18.2596
0,18.3798
0,18.5027
0,18.5887
0,18.6372
0,18.7748
0,18.6643
0,18.9626
0,18.9952
0,18.9308
0,19.1909
0,19.0733
0,19.3947
0,19.4525
0,19.5641
0,19.8654
0,19.9088
0,18.3927
0,19.0083
0,19.4484
0,20.3444
0,22.1596
0,25.2546
0,26.546
0,30.7428
0,32.9028
0,36.0271
0,38.638
0,41.1563
0,44.9557
0,49.1079
0,51.5264
0,55.6814
0,58.4345
0,62.0727
0,65.8709
0,68.6815
0,18.3661
0,18.3686
0,18.5014
0,18.9032
0,18.5437
0,18.7117
0,18.8412
0,18.9032
0,19.0456
0,19.2143
0,19.3857
0,19.1872
0,19.2902
0,19.4498
0,19.8157
0,19.6648
0,19.7412
0,20.0496
0,18.3249
0,18.7248
0,18.8565
0,21.1352
0,21.6532
0,25.0232
0,27.1026
0,29.4352
0,32.6779
0,36.316
0,38.2071
0,41.3044
0,45.2727
0,48.3145
0,51.1666
0,55.4575
0,58.7243
0,61.4496
0,65.3775
0,69.3165
0,18.1275
0,18.361
0,18.5019
0,18.8712
0,18.5223
0,18.9134
0,18.9114
0,19.0145
0,18.8361
0,18.9971
0,19.1872
0,19.3384
0,19.13
0,19.5069
0,19.3971
0,19.5834
0,19.8177
0,20.0663
0,20.4055
0,34.0875
0,8.64979
0,9.71492
0,11.1274
0,14.2171
0,16.9334
0,19.8993
0,23.2819
0,26.7066
0,29.1681
0,32.8301
0,35.8741
0,38.7485
0,42.3859
0,45.4158
0,48.0228
0,51.8701
0,54.8548
0,57.8394
0,61.0561
0,64.233
0,8.61905
0,8.88765
0,8.93403
0,9.11379
0,9.02554
0,9.30862
0,8.92435
0,9.41811
0,9.40812
0,9.79888
0,9.49368
0,9.87045
0,9.85559
0,9.90833
0,9.95653
0,10.2785
0,10.3349
0,10.432
0,11.0478
0,11.2676
0,32.0681
0,32.0398
0,31.892
0,32.1244
0,33.7305
0,35.7824
0,35.2423
0,37.2493
0,39.9429
0,42.9674
0,48.908
0,49.5787
0,53.4544
0,56.5501
0,59.1653
0,63.2573
0,66.7083
0,70.2125
0,74.7886
0,78.8147
0,32.1265
0,31.824
0,31.8585
0,31.9475
0,32.0752
0,32.3821
0,32.2176
0,32.3124
0,32.3053
0,32.5737
0,32.4286
0,32.5996
0,32.7184
0,32.8455
0,32.89
0,33.3505
0,33.1781
0,33.5451
0,33.8472
0,20.762
0,13.2098
0,14.0759
0,18.248
0,24.9798
0,30.5622
0,36.817
0,43.0853
0,50.1927
0,56.191
0,62.5873
0,68.4162
0,75.835
0,81.971
0,87.6149
0,94.4093
0,101.19
0,107.224
0,113.995
0,120.172
0,126.92
0,13.3173
0,13.606
0,13.302
0,13.7066
0,13.6593
0,13.8125
0,13.9014
0,14.06
0,14.2064
0,14.1117
0,14.1704
0,14.3749
0,14.1224
0,14.6809
0,14.735
0,14.7192
0,15.0825
0,15.4616
0,15.6098
0,13.5286
0,14.5926
0,17.8751
0,24.1691
0,30.536
0,36.4755
0,43.0543
0,50.0471
0,56.4933
0,62.0808
0,68.8365
0,75.6953
0,81.7682
0,87.693
0,94.5863
0,101.182
0,107.941
0,113.893
0,119.598
0,126.729
0,13.0861
0,14.4919
0,18.0216
0,23.9161
0,30.2527
0,36.6345
0,43.2119
0,49.5675
0,55.7002
0,61.9401
0,69.3269
0,74.8869
0,81.9853
0,88.3297
0,94.4105
0,101.237
0,108.169
0,113.909
0,120.142
0,126.967
0,13.9702
0,15.8402
0,7.10157
0,7.75542
0,7.8591
0,7.96469
0,8.00277
0,8.02475
0,8.0302
0,7.59658
0,8.36683
0,8.34777
0,8.06584
0,7.96703
0,8.02461
0,8.53023
0,8.12401
0,8.39021
0,8.738
0,8.60861
0,8.71774
0,8.95375
0,7.15959
0,7.95429
0,8.04682
0,8.12153
0,8.02511
0,8.82689
0,8.21062
0,8.93223
0,9.00689
0,9.06851
0,9.08962
0,9.76956
0,9.99476
0,9.89499
0,10.5846
0,10.8247
0,10.9568
0,11.1319
0,12.0358
0,12.9128
0,18.3672
0,18.2929
0,18.4156
0,18.6324
0,18.992
0,18.9108
0,18.874
0,19.0212
0,19.0644
0,19.1016
0,19.3137
0,19.1763
0,19.3173
0,19.4841
0,19.3115
0,19.2403
0,19.3879
0,19.1846
0,19.537
0,19.7308
0,18.3146
0,18.5079
0,19.0499
0,18.9959
0,19.1914
0,19.2405
0,19.3806
0,19.8783
0,19.6831
0,20.0074
0,20.6018
0,20.3083
0,20.5625
0,21.0073
0,21.2673
0,20.9946
0,21.6721
0,22.1102
0,23.0363
0,23.6432
0,9.27873
0,9.5037
0,9.96284
0,10.2683
0,10.6899
0,10.8529
0,10.8828
0,10.9377
0,10.9996
0,10.6712
0,11.1919
0,11.3117
0,11.3323
0,11.2697
0,11.2776
0,11.6894
0,9.41801
0,10.1475
0,10.2182
0,10.2873
0,10.4366
0,7.14069
0,7.10305
0,7.19559
0,7.9955
0,8.0345
0,8.15413
0,7.93835
0,8.22746
0,8.26235
0,7.99484
0,7.92565
0,8.4077
0,8.47401
0,8.50077
0,8.52114
0,8.62574
0,8.78788
0,8.66511
0,8.90325
0,8.79639
0,7.0568
0,7.9139
0,8.56622
0,8.16671
0,8.10517
0,8.72302
0,8.81089
0,8.87854
0,8.9411
0,9.05032
0,9.00059
0,9.70617
0,9.85449
0,9.99584
0,10.5134
0,10.9252
0,11.2181
0,11.0029
0,12.0418
0,12.8869
0,18.1651
0,18.5031
0,18.2919
0,18.6121
0,18.6383
0,18.9847
0,19.1735
0,18.8149
0,19.0321
0,19.0918
0,19.3093
0,19.3192
0,19.5586
0,19.0594
0,19.3539
0,19.4184
0,19.5449
0,19.4674
0,19.5215
0,19.7529
0,18.4475
0,18.5921
0,19.0065
0,19.3272
0,19.1643
0,19.1094
0,19.4199
0,19.6055
0,19.8784
0,20.1205
0,20.1866
0,20.4568
0,20.383
0,20.832
0,21.2042
0,21.192
0,21.8782
0,22.0985
0,23.0409
0,24.1766
0,9.40281
0,10.0811
0,10.1246
0,10.1778
0,10.2419
0,10.353
0,10.8951
0,10.3656
0,11.0663
0,11.2871
0,11.394
0,11.5314
0,11.2449
0,11.4603
0,11.3468
0,11.762
0,11.4085
0,11.9825
0,11.98
0,12.0152
0,9.339
0,10.0852
0,10.1312
0,10.234
0,10.2129
0,10.9953
0,10.9931
0,11.1452
0,11.1912
0,11.2698
0,11.3236
0,11.3934
0,11.9436
0,12.1194
0,12.3628
0,12.8873
0,13.2589
0,13.3001
0,14.2557
0,15.078
0,13.2747
0,13.8045
0,14.1698
0,14.2217
0,14.5237
0,14.7282
0,15.1808
0,14.9925
0,14.9675
0,14.85
0,15.1027
0,15.0409
0,15.0145
0,15.4939
0,15.6489
0,15.5476
0,15.7901
0,15.6287
0,15.8116
0,15.6746
0,13.3627
0,13.451
0,14.1785
0,14.1671
0,14.2441
0,14.6735
0,14.9323
0,15.0576
0,15.1945
0,15.3658
0,15.3779
0,15.8717
0,15.9531
0,16.1273
0,16.0776
0,16.9544
0,17.1328
0,17.3011
0,18.1988
0,19.3204
0,7.20247
0,20.3059
0,25.6433
0,56.5961
0,49.1996
0,84.2319
0,104.961
0,118.702
0,131.526
0,154.23
0,165.046
0,120.18
0,209.594
0,216.452
0,152.717
0,165.54
0,262.848
0,182.416
0,190.234
0,202.129
0,7.06304
0,7.08175
0,7.91495
0,7.93998
0,7.93842
0,8.33936
0,7.99526
0,8.1305
0,8.08223
0,8.31693
0,8.34904
0,8.40078
0,8.59207
0,8.54092
0,8.59219
0,8.13106
0,8.72804
0,8.63768
0,8.7475
0,8.85661
0,7.00096
0,7.97907
0,7.96809
0,8.11589
0,8.42043
0,8.5856
0,8.72044
0,9.11955
0,9.08524
0,9.0436
0,9.73464
0,8.96683
0,10.4977
0,10.1476
0,9.98725
0,10.127
0,11.0853
0,11.6064
0,11.9354
0,12.9849
0,18.4045
0,27.6308
0,43.5253
0,62.039
0,79.2472
0,95.9014
0,115.697
0,130.332
0,147.028
0,162.529
0,187.347
0,205.103
0,219.88
0,240.627
0,257.446
0,184.789
0,194.621
0,305.766
0,219.315
0,229.161
0,18.5648
0,18.501
0,18.6476
0,18.9893
0,18.6296
0,18.7688
0,18.8319
0,19.0735
0,19.0946
0,18.9916
0,19.2358
0,19.4131
0,19.2874
0,19.423
0,19.5836
0,19.4349
0,19.5549
0,19.1897
0,19.5654
0,19.8034
0,18.3798
0,18.3714
0,18.8575
0,19.0348
0,18.9403
0,19.2943
0,19.4876
0,19.6476
0,19.7868
0,19.897
0,20.4428
0,20.3739
0,20.5361
0,20.8813
0,21.1151
0,21.4815
0,21.5436
0,21.8484
0,22.9008
0,23.6865
0,9.35456
0,27.1026
0,55.3352
0,79.0416
0,100.732
0,124.308
0,72.8981
0,83.8114
0,188.5
0,107.4
0,235.872
0,267.437
0,137.989
0,147.9
0,327.676
0,170.695
0,181.497
0,187.432
0,200.245
0,209.136
0,9.21968
0,9.90945
0,10.0178
0,10.4259
0,10.7982
0,10.3119
0,10.9145
0,10.9291
0,10.6268
0,11.0158
0,11.2109
0,11.4516
0,11.4561
0,11.6669
0,11.3126
0,11.7388
0,11.851
0,11.9164
0,11.9274
0,12.144
0,9.30615
0,10.1078
0,10.3171
0,10.3394
0,10.3629
0,11.0149
0,10.9607
0,11.0777
0,11.1004
0,11.7961
0,11.4746
0,11.2451
0,12.0071
0,12.1466
0,12.5939
0,13.3286
0,13.165
0,13.5377
0,14.2346
0,15.4463
0,13.4017
0,32.4532
0,29.935
0,80.0828
0,104.83
0,127.435
0,77.4702
0,175.519
0,101.034
0,221.767
0,239.478
0,134.524
0,144.347
0,156.176
0,340.08
0,362.699
0,189.665
0,409.045
0,212.365
0,221.189
0,13.3522
0,13.8159
0,14.0596
0,14.6544
0,14.63
0,14.3709
0,14.5254
0,15.0655
0,14.9194
0,15.0454
0,15.1958
0,15.0499
0,15.461
0,15.4547
0,15.3083
0,15.1098
0,15.7792
0,15.8015
0,15.9207
0,15.9469
0,13.3637
0,14.0235
0,14.181
0,14.2537
0,14.3427
0,14.9215
0,14.9408
0,15.1122
0,15.0838
0,15.1185
0,15.5673
0,15.6489
0,15.962
0,16.3345
0,16.7009
0,16.4132
0,16.969
0,17.1897
0,18.2743
0,18.9733
0,8.75748
0,27.2136
0,52.7849
0,77.291
0,100.931
0,119.664
0,71.944
0,84.7292
0,93.6834
0,101.506
0,234.154
0,126.232
0,133.063
0,146.948
0,318.881
0,166.621
0,364.276
0,181.432
0,192.255
0,201.131
0,8.5851
0,8.71492
0,9.47258
0,9.69573
0,9.82462
0,10.4298
0,10.0439
0,10.985
0,10.5706
0,10.846
0,10.5511
0,10.7104
0,11.0168
0,10.6697
0,11.1446
0,11.0015
0,11.2598
0,11.5027
0,11.441
0,11.1408
0,8.80727
0,9.54597
0,10.3205
0,9.52506
0,9.7444
0,9.63524
0,10.5103
0,10.6502
0,10.9424
0,10.7073
0,11.5303
0,11.5076
0,11.7093
0,11.6107
0,11.7034
0,12.4439
0,12.4949
0,12.6976
0,13.7146
0,14.5846
0,14.1527
0,30.0472
0,55.0673
0,42.3285
0,103.809
0,127.172
0,77.2772
0,88.3198
0,200.929
0,113.719
0,124.597
0,136.366
0,145.308
0,157.147
0,166.957
0,180.816
0,395.315
0,200.524
0,212.329
0,223.227
0,14.1556
0,14.3165
0,14.6453
0,15.1196
0,15.2171
0,15.2632
0,15.3373
0,14.838
0,15.0668
0,15.7073
0,15.3223
0,15.8305
0,15.8906
0,15.8841
0,15.9294
0,16.2119
0,15.9751
0,16.27
0,16.2394
0,16.2522
0,13.8761
0,14.5212
0,14.6989
0,14.8889
0,15.2243
0,14.7445
0,15.3783
0,14.9607
0,15.7606
0,15.6431
0,15.8251
0,15.9605
0,16.6073
0,16.6269
0,16.8208
0,17.5032
0,17.7029
0,17.83
0,18.8186
0,19.6216
0,9.38128
0,27.0349
0,51.3841
0,74.0274
0,97.6564
0,121.302
0,146.075
0,169.761
0,96.5762
0,105.35
0,118.265
0,128.149
0,138.055
0,309.982
0,333.722
0,167.679
0,378.072
0,191.344
0,199.287
0,208.126
0,9.32424
0,8.87782
0,19.3029
0,30.4996
0,40.9372
0,52.6159
0,63.1602
0,73.9443
0,84.0907
0,98.2282
0,105.461
0,117.206
0,63.6611
0,142.994
0,73.894
0,78.7878
0,176.994
0,186.26
0,91.9449
0,97.2769
0,101.149
0,8.80725
0,8.74809
0,9.55499
0,9.54518
0,9.5817
0,10.1024
0,10.067
0,10.1023
0,10.0771
0,10.5013
0,10.1603
0,10.4661
0,10.4736
0,10.6863
0,10.631
0,10.7181
0,10.6997
0,11.0864
0,10.7287
0,10.7728
0,8.7904
0,9.02986
0,9.1309
0,9.22022
0,9.22799
0,9.18331
0,9.58875
0,9.63153
0,9.59549
0,9.81798
0,9.57971
0,10.1447
0,10.151
0,10.1073
0,10.3364
0,10.1943
0,10.6875
0,10.7097
0,11.2002
0,11.8482
0,13.9079
0,22.3083
0,32.8453
0,23.7424
0,55.9576
0,34.3063
0,78.376
0,88.4527
0,52.0367
0,57.3017
0,62.7085
0,135.505
0,148.126
0,79.6117
0,171.982
0,91.2849
0,194.351
0,101.042
0,106.346
0,111.715
0,13.8556
0,14.2931
0,14.1826
0,14.6647
0,14.8704
0,14.8474
0,14.8295
0,14.8221
0,14.9872
0,15.3084
0,15.4118
0,5.07884
0,5.07889
0,5.07828
0,5.07836
0,5.07975
0,5.07929
0,5.07925
0,5.08268
0,5.08071
0,5.08023
0,5.08373
0,5.39935
0,5.07972
0,5.07996
0,8.80782
0,9.17218
0,9.09548
0,9.18913
0,9.38446
0,9.32811
0,9.57815
0,5.08006
0,5.07928
0,5.07966
0,5.07964
0,5.0788
0,5.07925
0,5.07893
0,5.08268
0,5.08161
0,5.08442
0,5.07964
0,5.08324
0,5.08266
0,5.42509
0,8.74097
0,9.06864
0,9.30975
0,9.39566
0,9.23798
0,9.6842
0,9.61328
0,8.90185
0,9.3056
0,10.0518
0,10.6207
0,11.3211
0,8.76612
0,8.69023
0,8.77911
0,8.93731
0,8.80414
0,8.95942
0,9.13405
0,9.09262
0,9.25661
0,9.23272
0,8.77027
0,10.359
0,12.136
0,13.5383
0,15.8988
0,8.56339
0,8.84214
0,8.75479
0,8.80013
0,9.17219
0,8.71966
0,9.01186
0,9.18354
0,9.24853
0,9.14277
0,8.75939
0,8.93024
0,10.2056
0,11.7521
0,13.9067
0,15.2364
0,16.9582
0,19.0693
0,20.9042
0,23.3724
0,12.5131
0,28.0065
0,29.5135
0,31.5083
0,16.3164
0,17.1873
0,37.213
0,18.9408
0,19.5336
0,20.3722
0,21.2169
0,8.65756
0,8.69073
0,8.96003
0,8.93172
0,8.99777
0,9.11004
0,9.29998
0,9.28198
0,9.54689
0,9.59943
0,9.76488
0,9.51529
0,9.58265
0,9.76018
0,10.012
0,9.92441
0,9.87808
0,10.0938
0,10.2239
0,10.1753
0,8.80531
0,9.25458
0,9.08999
0,9.23848
0,9.24297
0,9.56668
0,9.63362
0,9.7593
0,9.69985
0,9.59905
0,9.70282
0,10.1603
0,10.1315
0,10.1387
0,10.2806
0,10.6596
0,10.5456
0,10.9243
0,11.0581
0,11.611
0,13.9656
0,14.648
0,15.5057
0,17.2842
0,18.4255
0,19.7617
0,21.6163
0,12.5832
0,24.9136
0,26.5765
0,14.9039
0,30.5604
0,16.863
0,34.936
0,18.8702
0,39.0489
0,20.5424
0,21.386
0,22.6077
0,47.3753
0,13.9718
0,13.8661
0,13.8496
0,13.9638
0,14.0059
0,14.0037
0,14.0542
0,14.2198
0,14.3386
0,14.3228
0,14.2994
0,14.4082
0,14.6057
0,14.4431
0,14.6705
0,14.7992
0,14.7368
0,14.9924
0,15.1423
0,15.295
0,13.9577
0,13.9422
0,14.2688
0,14.3724
0,14.334
0,14.2473
0,14.5181
0,14.7093
0,14.4913
0,14.6854
0,14.9141
0,15.1059
0,14.8407
0,15.3626
0,15.5625
0,15.4926
0,15.7098
0,15.5877
0,16.0898
0,16.6243
0,9.29251
0,10.7546
0,12.1385
0,13.8979
0,15.5365
0,17.1661
0,19.0933
0,11.1986
0,23.7048
0,12.762
0,13.8104
0,29.1708
0,31.4045
0,16.544
0,35.5168
0,37.6238
0,19.4343
0,20.2596
0,21.2233
0,21.6619
0,9.34415
0,9.29975
0,9.74905
0,9.5245
0,9.57111
0,9.75842
0,9.70856
0,10.0147
0,9.99928
0,9.85386
0,10.3551
0,10.2387
0,10.7353
0,10.5585
0,10.9429
0,11.0191
0,11.0845
0,11.2039
0,11.2214
0,11.1814
0,9.34145
0,9.70456
0,9.82844
0,9.6955
0,9.78258
0,9.84054
0,9.93625
0,9.75317
0,10.0445
0,10.5271
0,10.2701
0,10.5505
0,10.8135
0,10.7407
0,10.7141
0,10.8138
0,11.1661
0,11.2869
0,11.3914
0,12.5637
0,13.2073
0,14.3496
0,14.9677
0,16.2923
0,18.2908
0,19.7942
0,21.5316
0,23.2102
0,24.7593
0,26.1395
0,28.5097
0,15.6719
0,16.6956
0,17.5839
0,36.8375
0,19.6803
0,20.7316
0,21.3471
0,45.0553
0,47.4204
0,13.1966
0,13.2535
0,13.4602
0,13.3627
0,13.4285
0,13.4039
0,13.5493
0,13.6016
0,13.688
0,13.4742
0,13.8716
0,13.9579
0,13.9725
0,13.9587
0,13.9335
0,14.2287
0,14.4674
0,14.2494
0,14.3322
0,14.7116
0,13.3504
0,13.6226
0,13.532
0,13.7847
0,13.8104
0,13.6988
0,13.9101
0,13.8749
0,14.0667
0,14.1842
0,14.2032
0,14.3616
0,14.4388
0,14.6849
0,14.6351
0,14.8593
0,15.165
0,15.101
0,15.6318
0,16.3932
0,8.70993
0,10.3884
0,11.9469
0,13.6055
0,15.9833
0,17.2971
0,19.4139
0,20.9302
0,23.4911
0,12.6945
0,13.6896
0,14.5323
0,31.2952
0,16.0814
0,17.3581
0,17.7537
0,39.2174
0,19.4932
0,20.3524
0,21.4521
0,8.56519
0,8.98382
0,9.04609
0,8.84126
0,9.08903
0,9.15059
0,9.2454
0,9.23117
0,8.73879
0,10.6457
0,12.1808
0,13.78
0,15.7733
0,16.9985
0,19.4634
0,10.9898
0,11.7579
0,25.3687
0,13.5811
0,14.4619
0,15.3717
0,33.1965
0,35.2466
0,18.1048
0,18.9159
0,19.7928
0,43.2149
0,21.3337
0,8.78003
0,9.01174
0,8.95013
0,9.01838
0,8.84568
0,9.18021
0,9.17252
0,9.36852
0,9.34495
0,8.79106
0,10.3683
0,6.83642
0,14.0338
0,8.42327
0,17.6341
0,19.2035
0,21.7039
0,12.0676
0,12.7452
0,27.6878
0,28.9611
0,31.343
0,16.2876
0,17.106
0,36.9666
0,18.7628
0,40.7998
0,20.4753
0,21.3477
0,8.67667
0,8.88687
0,8.93342
0,8.92082
0,9.10334
0,9.27108
0,9.1607
0,9.63014
0,9.42175
0,9.47166
0,9.47486
0,9.6832
0,9.63778
0,9.87512
0,9.94881
0,10.2528
0,10.0681
0,10.3839
0,10.3561
0,10.2099
0,8.82627
0,8.81275
0,9.25459
0,9.15853
0,9.3665
0,9.59133
0,9.29247
0,10.1125
0,9.72222
0,9.65834
0,9.54335
0,10.1976
0,9.76444
0,10.2906
0,10.2717
0,10.5634
0,10.7599
0,10.7594
0,11.2714
0,11.7556
0,13.8367
0,14.8486
0,16.0004
0,17.0064
0,11.0783
0,11.2967
0,21.5176
0,23.0708
0,13.302
0,27.0409
0,15.0863
0,15.9326
0,16.7289
0,35.2887
0,18.8049
0,19.6271
0,20.6152
0,42.9976
0,45.3753
0,23.464
0,14.0249
0,13.8823
0,13.9809
0,13.9655
0,14.0648
0,13.9636
0,14.0208
0,14.1868
0,14.2635
0,14.3378
0,14.3304
0,14.5802
0,14.6373
0,14.5472
0,14.4936
0,14.8194
0,14.6736
0,14.9936
0,14.9501
0,15.1857
0,13.969
0,14.0554
0,14.2362
0,14.276
0,14.3005
0,14.2633
0,14.3044
0,14.6291
0,14.7579
0,14.898
0,14.8907
0,14.941
0,14.8965
0,15.1488
0,15.2772
0,15.5674
0,15.7414
0,15.9025
0,16.2646
0,16.7942
0,9.35471
0,10.5723
0,7.40326
0,14.0664
0,16.0251
0,17.0341
0,19.7301
0,21.1485
0,23.3551
0,12.7435
0,26.7061
0,14.8557
0,15.6122
0,16.5398
0,34.8043
0,18.4941
0,19.4788
0,20.1486
0,21.0707
0,22.0384
0,9.39769
0,9.21553
0,9.24309
0,9.42421
0,9.52758
0,9.58214
0,10.211
0,9.72278
0,9.98197
0,9.91549
0,9.8918
0,10.1757
0,10.6927
0,10.6741
0,10.8558
0,10.7319
0,10.9694
0,10.7607
0,11.276
0,11.1496
0,9.35297
0,9.73167
0,10.0363
0,9.78099
0,10.1609
0,10.1344
0,10.1161
0,10.2591
0,10.1973
0,10.2151
0,10.1807
0,10.5926
0,10.6395
0,10.7834
0,10.8498
0,11.0534
0,11.3625
0,11.2517
0,11.6693
0,12.2159
0,13.335
0,14.1809
0,15.8708
0,17.1483
0,18.4364
0,19.7281
0,21.5632
0,12.4424
0,13.2819
0,14.0885
0,14.8905
0,15.7421
0,16.6658
0,17.5844
0,18.8013
0,19.5106
0,20.361
0,21.2888
0,22.2423
0,23.471
0,13.2828
0,13.332
0,13.2163
0,13.3737
0,13.5736
0,13.4484
0,13.6626
0,13.4816
0,13.455
0,13.5462
0,14.0314
0,13.9576
0,13.905
0,13.9897
0,14.1369
0,14.1615
0,14.3786
0,14.6009
0,14.4327
0,14.5835
0,13.3683
0,13.6792
0,13.6392
0,13.8542
0,13.7662
0,13.7442
0,13.832
0,14.0899
0,14.2365
0,14.2969
0,14.3265
0,14.4949
0,14.651
0,14.6788
0,14.6828
0,14.829
0,15.0301
0,15.2219
0,15.5478
0,16.1167
0,13.1739
0,13.2892
0,14.1432
0,8.99771
0,10.708
0,12.2184
0,7.78292
0,16.0525
0,17.6756
0,19.1688
0,22.0434
0,23.5318
0,25.4654
0,27.3573
0,29.3744
0,15.5382
0,16.5233
0,35.3153
0,37.0036
0,18.8986
0,19.9452
0,20.6775
0,21.273
0,8.96009
0,9.17282
0,9.21542
0,9.36004
0,9.30681
0,9.40372
0,9.68399
0,9.46777
0,9.70017
0,9.89396
0,10.0325
0,9.98568
0,10.143
0,10.0817
0,10.3171
0,10.4433
0,10.4757
0,10.6436
0,10.6308
0,10.8518
0,9.16677
0,9.44505
0,9.59244
0,9.40497
0,9.80943
0,9.82943
0,9.88923
0,10.0476
0,10.0848
0,10.0261
0,9.99605
0,10.4931
0,10.4754
0,10.45
0,10.4731
0,10.5594
0,10.9037
0,11.1773
0,11.3781
0,12.056
0,14.7904
0,11.9276
0,20.0603
0,24.2217
0,27.697
0,31.3117
0,35.3711
0,40.4675
0,22.9409
0,25.0229
0,26.8706
0,29.3533
0,31.15
0,33.3919
0,35.2
0,37.2497
0,39.4481
0,84.0757
0,43.7526
0,45.3908
0,14.6761
0,14.4531
0,14.5841
0,14.6819
0,14.5744
0,15.2224
0,15.0006
0,15.0339
0,15.1512
0,15.2847
0,15.3542
0,15.585
0,15.5157
0,15.6139
0,15.7645
0,15.7278
0,15.9255
0,16.19
0,15.9448
0,16.2363
0,14.415
0,14.8026
0,14.8431
0,14.8236
0,14.7637
0,15.1402
0,15.0935
0,15.0883
0,15.2934
0,15.4946
0,15.4204
0,15.8163
0,15.5747
0,15.6804
0,16.0376
0,16.0121
0,16.3447
0,16.4817
0,16.9345
0,17.2932
0,9.71523
0,11.0251
0,12.2197
0,14.392
0,16.3648
0,9.61575
0,19.6364
0,11.4773
0,23.3583
0,25.4202
0,27.6116
0,14.7746
0,15.835
0,33.8512
0,17.5978
0,18.6395
0,19.5217
0,20.6597
0,21.1694
0,21.8334
0,9.65702
0,9.69806
0,9.86038
0,9.73891
0,10.1808
0,9.80548
0,10.5615
0,10.1919
0,10.6189
0,10.7024
0,10.5368
0,10.5742
0,10.8831
0,10.7482
0,11.2591
0,11.3841
0,11.3049
0,11.4236
0,11.5884
0,11.2734
0,9.80119
0,9.77131
0,10.0237
0,10.1074
0,10.1938
0,10.1497
0,10.2584
0,10.7422
0,10.7061
0,10.6601
0,10.6818
0,10.7273
0,11.1162
0,10.9527
0,11.4067
0,11.6077
0,11.6452
0,11.7385
0,11.8404
0,12.6365
0,13.8848
0,15.8127
0,19.7185
0,23.8073
0,27.2513
0,30.9795
0,18.9394
0,40.1432
0,22.7255
0,48.6376
0,27.1925
0,57.0824
0,31.0228
0,67.0723
0,70.2791
0,75.9541
0,39.8828
0,41.5437
0,43.1762
0,45.5599
0,13.8376
0,13.6631
0,14.0226
0,14.1985
0,14.3847
0,14.3016
0,14.4509
0,14.3973
0,14.422
0,14.7982
0,14.7935
0,14.9212
0,15.0317
0,15.1139
0,15.0752
0,15.2323
0,15.3396
0,15.5038
0,15.5423
0,15.4925
0,13.9203
0,13.8721
0,14.2503
0,14.2517
0,14.6098
0,14.4167
0,14.6112
0,14.7089
0,14.6454
0,14.6769
0,14.7572
0,14.784
0,15.158
0,15.2684
0,15.1634
0,15.4582
0,15.5533
0,15.8288
0,16.1237
0,16.5931
0,9.20997
0,10.5257
0,12.1555
0,13.6653
0,15.8164
0,17.6708
0,18.7648
0,21.2352
0,23.5745
0,25.535
0,27.6476
0,29.5274
0,15.4717
0,16.3191
0,17.4502
0,17.9269
0,19.2753
0,19.8106
0,20.8905
0,21.3805
0,9.05735
0,9.12295
0,9.20372
0,9.3182
0,9.65164
0,9.42421
0,9.58952
0,9.6949
0,9.68041
0,9.87816
0,9.87079
0,9.98654
0,10.0319
0,10.337
0,10.4539
0,10.156
0,10.5103
0,10.5006
0,10.6501
0,10.8787
0,8.95435
0,9.33176
0,9.47542
0,9.5082
0,9.48714
0,9.88168
0,9.91444
0,9.93562
0,9.93345
0,9.9981
0,10.073
0,10.3466
0,10.3512
0,10.5189
0,10.9609
0,10.8827
0,11.0189
0,11.066
0,11.6358
0,11.9118
0,14.685
0,17.5885
0,19.6526
0,23.188
0,27.2246
0,31.296
0,35.6795
0,40.2978
0,43.6134
0,47.5902
0,53.3309
0,57.2252
0,31.3924
0,33.5526
0,35.3769
0,37.9946
0,39.8674
0,41.7454
0,43.3729
0,45.803
0,14.6191
0,14.4333
0,14.5025
0,14.4866
0,14.8736
0,14.7764
0,14.9262
0,15.1281
0,14.9134
0,15.1268
0,15.499
0,15.514
0,15.4419
0,15.4406
0,15.6275
0,15.8942
0,15.7147
0,16.1903
0,16.0748
0,15.8972
0,14.6465
0,14.8465
0,14.7897
0,14.8743
0,14.9294
0,15.1093
0,14.8887
0,15.1464
0,15.2443
0,15.0901
0,15.5483
0,15.2933
0,15.4507
0,15.7896
0,16.0399
0,16.0078
0,16.1355
0,16.3921
0,16.7352
0,17.2643
0,9.5624
0,10.781
0,12.5512
0,14.1719
0,16.3604
0,17.4649
0,19.3549
0,21.7906
0,23.8432
0,25.336
0,27.7277
0,29.2414
0,15.5869
0,16.6125
0,17.6128
0,18.4843
0,19.4634
0,20.116
0,21.3922
0,22.1605
0,9.70649
0,9.74978
0,9.6761
0,9.88482
0,9.8354
0,10.1243
0,9.97761
0,10.2178
0,10.2721
0,10.4666
0,10.4472
0,10.7367
0,11.0156
0,11.1156
0,11.2485
0,11.36
0,11.4283
0,11.4134
0,11.5249
0,11.795
0,9.76266
0,9.81204
0,10.1259
0,10.1414
0,10.2169
0,10.4669
0,10.6742
0,10.6331
0,10.606
0,10.6774
0,10.996
0,10.5711
0,10.9586
0,11.1384
0,11.1546
0,11.1333
0,11.6531
0,11.9737
0,12.1113
0,12.5515
0,13.7296
0,16.6319
0,20.0947
0,23.682
0,27.0163
0,30.4067
0,35.5172
0,39.6608
0,44.8371
0,48.8595
0,52.1457
0,56.3217
0,31.1663
0,33.3568
0,35.6288
0,37.3874
0,39.4121
0,41.6582
0,43.7358
0,45.7789
0,13.8104
0,14.0242
0,13.9989
0,14.0683
0,14.2225
0,14.2743
0,14.303
0,14.6678
0,14.5147
0,14.6228
0,14.7201
0,14.9175
0,15.0248
0,15.0988
0,15.1103
0,15.3078
0,15.3088
0,15.1651
0,15.4341
0,15.3792
0,13.9196
0,13.9558
0,13.8914
0,14.1556
0,14.3184
0,14.4852
0,14.3774
0,14.307
0,14.9223
0,14.7276
0,14.6846
0,14.9237
0,14.8562
0,15.3792
0,15.1197
0,15.5423
0,15.7272
0,15.8117
0,15.9446
0,16.8028
0,39.3217
0,41.1689
0,37.6648
0,9.06098
0,10.4673
0,12.1057
0,13.7251
0,15.8907
0,17.6504
0,19.5596
0,21.3708
0,23.656
0,25.5835
0,27.4065
0,29.7678
0,15.4088
0,16.5782
0,17.1244
0,18.3132
0,19.0659
0,19.6537
0,20.7068
0,21.3407
0,9.07116
0,9.30119
0,9.14328
0,9.47569
0,9.22869
0,9.48365
0,9.49536
0,9.62685
0,9.76814
0,9.69292
0,10.0719
0,10.0695
0,10.2337
0,10.4402
0,10.3335
0,10.5174
0,10.6725
0,10.594
0,10.6416
0,10.783
0,9.19228
0,9.3931
0,9.49259
0,9.64439
0,9.46222
0,9.5077
0,9.44543
0,9.83741
0,10.3261
0,9.94026
0,9.98558
0,10.2924
0,10.5606
0,10.5037
0,10.5583
0,10.883
0,11.2331
0,10.9155
0,11.6273
0,11.8563
0,14.6118
0,17.1072
0,19.8113
0,23.3116
0,27.6466
0,31.8629
0,35.6926
0,40.3794
0,45.0129
0,47.9523
0,53.2848
0,57.7131
0,31.4709
0,33.3745
0,35.403
0,37.4296
0,39.8539
0,41.6438
0,43.5616
0,45.6196
0,14.4827
0,14.5658
0,14.5879
0,14.748
0,14.5357
0,14.8733
0,14.9832
0,14.9104
0,15.2959
0,15.066
0,15.2312
0,15.4107
0,15.3711
0,15.7251
0,15.6003
0,15.8496
0,16.0173
0,15.8744
0,16.3373
0,16.3108
0,14.4298
0,14.5108
0,14.7713
0,14.8191
0,14.8762
0,14.9028
0,14.9448
0,14.901
0,15.3464
0,15.3676
0,15.3106
0,15.5225
0,15.7539
0,15.8493
0,15.9649
0,16.1455
0,16.1814
0,16.4303
0,16.8907
0,17.4067
0,9.71218
0,10.72
0,12.6884
0,13.7566
0,15.8619
0,17.9496
0,19.3351
0,21.4345
0,23.6062
0,25.5693
0,27.3038
0,29.5751
0,15.7438
0,16.4958
0,17.5752
0,18.3027
0,19.452
0,20.1261
0,21.1616
0,21.7858
0,9.6944
0,9.73348
0,9.83724
0,9.8118
0,9.89311
0,10.0411
0,10.1881
0,10.3187
0,10.0472
0,10.4324
0,10.6013
0,10.6262
0,10.9816
0,11.1376
0,11.2084
0,11.3778
0,11.5045
0,11.6497
0,11.4587
0,11.745
0,9.74369
0,9.94724
0,10.1496
0,10.2015
0,10.139
0,10.4229
0,10.2387
0,10.5644
0,10.5263
0,10.0646
0,10.7552
0,11.0946
0,10.6873
0,11.3565
0,11.2659
0,11.6072
0,11.5425
0,11.5976
0,11.6476
0,12.5479
0,13.9082
0,16.6034
0,19.7232
0,24.2248
0,26.8277
0,31.5572
0,35.4359
0,39.8057
0,44.5557
0,47.7188
0,53.043
0,57.4336
0,30.9586
0,33.5793
0,35.7448
0,37.4004
0,39.0849
0,42.075
0,43.9651
0,46.1433
0,13.9318
0,13.9509
0,13.8453
0,14.0822
0,14.1519
0,14.2865
0,14.4346
0,14.5321
0,14.4429
0,14.5061
0,14.5549
0,14.713
0,14.6953
0,15.1234
0,15.2215
0,15.3398
0,15.2707
0,15.3804
0,15.3159
0,15.5286
0,13.8171
0,14.1212
0,14.149
0,14.3226
0,14.3055
0,14.3013
0,14.2314
0,14.7108
0,14.6258
0,14.6883
0,14.6919
0,14.7402
0,15.3733
0,15.228
0,15.2379
0,15.5122
0,15.754
0,15.7019
0,15.9066
0,16.651
0,9.05989
0,10.5204
0,12.4172
0,13.915
0,15.6517
0,16.9638
0,19.5197
0,21.3414
0,23.2876
0,24.3188
0,26.4223
0,28.097
0,14.608
0,15.3586
0,16.3127
0,17.0176
0,17.6117
0,18.4023
0,19.1582
0,20.1771
0,9.15141
0,9.18029
0,9.11647
0,9.23886
0,9.33953
0,9.46232
0,9.73402
0,9.42141
0,9.90015
0,9.75487
0,10.1135
0,9.93986
0,10.5479
0,10.5399
0,10.8491
0,10.7084
0,10.8948
0,10.8978
0,10.9625
0,11.1406
0,9.00571
0,8.91937
0,9.39925
0,9.49298
0,9.59264
0,9.50987
0,10.0269
0,9.92993
0,9.95518
0,9.99092
0,10.0758
0,10.4329
0,10.3228
0,10.5386
0,10.4384
0,10.9256
0,10.9707
0,11.2444
0,11.6013
0,11.905
0,14.5533
0,17.0291
0,20.5937
0,23.5232
0,27.6827
0,30.6226
0,35.4238
0,39.1987
0,42.8533
0,48.2966
0,51.916
0,57.3893
0,30.3949
0,32.4744
0,34.439
0,36.8866
0,38.8643
0,40.4465
0,42.6192
0,44.2475
0,14.5202
0,14.6622
0,14.7949
0,14.7536
0,14.9888
0,14.7907
0,15.0627
0,15.2359
0,15.1647
0,15.1077
0,15.4544
0,15.5217
0,15.7693
0,15.8792
0,16.2073
0,16.0786
0,16.0915
0,16.349
0,16.2945
0,16.4822
0,14.5818
0,14.9406
0,15.0542
0,14.8718
0,14.9498
0,14.9617
0,15.0368
0,15.2831
0,15.4365
0,15.5077
0,15.6322
0,15.3389
0,15.5856
0,15.965
0,15.9906
0,16.0425
0,16.1054
0,16.2851
0,16.6213
0,17.1218
0,9.71103
0,11.0579
0,12.5834
0,14.0477
0,16.0233
0,17.8379
0,19.6415
0,21.5108
0,23.4825
0,25.4241
0,26.9037
0,28.5648
0,15.0745
0,16.1829
0,17.142
0,17.6589
0,18.4203
0,19.3619
0,20.2108
0,20.7456
0,9.60788
0,9.70266
0,9.77252
0,9.83792
0,9.86237
0,9.98997
0,10.0877
0,10.1401
0,10.0877
0,10.2823
0,10.273
0,10.489
0,10.5767
0,10.498
0,10.8452
0,10.6933
0,10.7863
0,11.0258
0,11.0235
0,11.1716
0,9.65874
0,10.0085
0,10.1685
0,10.0449
0,10.1853
0,10.1291
0,10.5826
0,10.5083
0,10.5309
0,10.9261
0,10.7011
0,10.8537
0,11.0685
0,11.1699
0,11.1456
0,11.4984
0,11.5523
0,11.8395
0,11.8014
0,12.6608
0,13.8094
0,16.6332
0,18.8151
0,23.1315
0,27.9989
0,30.7498
0,35.7791
0,39.2937
0,44.0954
0,48.1509
0,52.135
0,57.3891
0,30.4272
0,32.4158
0,34.0283
0,36.6288
0,38.3142
0,40.5732
0,41.6448
0,43.8721
0,13.8361
0,13.9445
0,13.8659
0,14.427
0,14.5443
0,14.4797
0,14.5792
0,14.5225
0,14.6056
0,14.5916
0,14.8254
0,14.8144
0,15.4238
0,15.46
0,15.7926
0,15.4904
0,15.861
0,15.7632
0,15.8009
0,15.8608
0,13.9752
0,14.1314
0,14.14
0,14.3741
0,14.2523
0,14.1975
0,14.1856
0,14.5863
0,14.5634
0,14.6731
0,14.6981
0,14.9161
0,14.8748
0,15.1784
0,15.1606
0,15.5874
0,15.8063
0,15.8717
0,16.2528
0,16.3551
